card_reference;card_name;rarity;quantity
ALT_ALIZE_A_AX_35_C;"Vaike, l'Énergéticienne";Commun;3
ALT_ALIZE_A_AX_46_C;"Galeries Saisies par les Glaces";Commun;3
ALT_ALIZE_A_BR_37_C;"Gericht, Bretteur Honoré";Commun;3
ALT_ALIZE_A_LY_34_C;"Nyala, Habile Illusionniste";Commun;3
ALT_ALIZE_A_MU_35_C;"Saskia, Naturaliste Rusée";Commun;2
ALT_ALIZE_A_OR_38_C;"Sunisa, Enseigne Dévouée";Commun;4
ALT_ALIZE_A_YZ_36_C;"Aroro, Rempart d'Asgartha";Commun;3
ALT_ALIZE_B_AX_32_C;"La Machine dans la Glace";Commun;6
ALT_ALIZE_B_AX_32_R1;"La Machine dans la Glace";Rare;2
ALT_ALIZE_B_AX_32_R2;"La Machine dans la Glace";Rare;1
ALT_ALIZE_B_AX_32_U_4624;"La machine dans la glace";Unique;1
ALT_ALIZE_B_AX_33_C;"Macareux à Roquettes";Commun;7
ALT_ALIZE_B_AX_33_R1;"Macareux à Roquettes";Rare;4
ALT_ALIZE_B_AX_33_R2;"Macareux à Roquettes";Rare;3
ALT_ALIZE_B_AX_34_C;"La Petite Fille aux Allumettes";Commun;4
ALT_ALIZE_B_AX_34_R1;"La Petite Fille aux Allumettes";Rare;3
ALT_ALIZE_B_AX_34_U_11002;"La Petite Fille aux Allumettes";Unique;1
ALT_ALIZE_B_AX_35_C;"Vaike, l'Énergéticienne";Commun;3
ALT_ALIZE_B_AX_35_R1;"Vaike, l'Énergéticienne";Rare;3
ALT_ALIZE_B_AX_35_R2;"Vaike, l'Énergéticienne";Rare;3
ALT_ALIZE_B_AX_35_U_19246;"Vaike, l'Énergéticienne";Unique;1
ALT_ALIZE_B_AX_35_U_2106;"Vaike, l'Energéticienne";Unique;1
ALT_ALIZE_B_AX_36_C;"Éclaireur Morse";Commun;3
ALT_ALIZE_B_AX_36_R1;"Éclaireur Morse";Rare;2
ALT_ALIZE_B_AX_36_U_19135;"Éclaireur Morse";Unique;1
ALT_ALIZE_B_AX_37_C;"Porteuse Intrépide";Commun;8
ALT_ALIZE_B_AX_37_R1;"Porteuse Intrépide";Rare;3
ALT_ALIZE_B_AX_37_R2;"Porteuse Intrépide";Rare;3
ALT_ALIZE_B_AX_37_U_19352;"Porteuse Intrépide";Unique;1
ALT_ALIZE_B_AX_38_C;"Prototype Défectueux";Commun;9
ALT_ALIZE_B_AX_38_R1;"Prototype Défectueux";Rare;1
ALT_ALIZE_B_AX_39_C;Vishvakarma;Commun;10
ALT_ALIZE_B_AX_39_R1;Vishvakarma;Rare;4
ALT_ALIZE_B_AX_39_R2;Vishvakarma;Rare;1
ALT_ALIZE_B_AX_40_C;Gibil;Commun;6
ALT_ALIZE_B_AX_40_R1;Gibil;Rare;1
ALT_ALIZE_B_AX_40_R2;Gibil;Rare;2
ALT_ALIZE_B_AX_41_C;"Livraison Gelée";Commun;6
ALT_ALIZE_B_AX_41_R1;"Livraison Gelée";Rare;1
ALT_ALIZE_B_AX_41_R2;"Livraison Gelée";Rare;1
ALT_ALIZE_B_AX_42_C;Avalanche;Commun;8
ALT_ALIZE_B_AX_42_R1;Avalanche;Rare;3
ALT_ALIZE_B_AX_42_R2;Avalanche;Rare;2
ALT_ALIZE_B_AX_43_C;"Radiateur Kélonique";Commun;6
ALT_ALIZE_B_AX_43_R1;"Radiateur Kélonique";Rare;3
ALT_ALIZE_B_AX_43_R2;"Radiateur Kélonique";Rare;3
ALT_ALIZE_B_AX_44_C;"Lord Kelvin";Commun;9
ALT_ALIZE_B_AX_44_R1;"Lord Kelvin";Rare;2
ALT_ALIZE_B_AX_44_R2;"Lord Kelvin";Rare;1
ALT_ALIZE_B_AX_44_U_19247;"Lord Kelvin";Unique;1
ALT_ALIZE_B_AX_45_C;"Recycleur Gelé";Commun;4
ALT_ALIZE_B_AX_45_R1;"Recycleur Gelé";Rare;3
ALT_ALIZE_B_AX_45_R2;"Recycleur Gelé";Rare;1
ALT_ALIZE_B_AX_46_C;"Galeries Saisies par les Glaces";Commun;7
ALT_ALIZE_B_BR_32_C;"Lapin Ardent";Commun;3
ALT_ALIZE_B_BR_32_R1;"Lapin Ardent";Rare;2
ALT_ALIZE_B_BR_32_R2;"Lapin Ardent";Rare;1
ALT_ALIZE_B_BR_32_U_19195;"Lapin Ardent";Unique;1
ALT_ALIZE_B_BR_33_C;Skadi;Commun;3
ALT_ALIZE_B_BR_33_R1;Skadi;Rare;2
ALT_ALIZE_B_BR_33_R2;Skadi;Rare;4
ALT_ALIZE_B_BR_33_U_1417;Skadi;Unique;1
ALT_ALIZE_B_BR_33_U_3309;Skadi;Unique;1
ALT_ALIZE_B_BR_33_U_5208;Skadi;Unique;1
ALT_ALIZE_B_BR_34_C;"Seiringar de Havre";Commun;3
ALT_ALIZE_B_BR_34_R2;"Seiringar de Havre";Rare;3
ALT_ALIZE_B_BR_34_U_15766;"Seiringar de Havre";Unique;1
ALT_ALIZE_B_BR_35_C;"Déblayeur Bravos";Commun;3
ALT_ALIZE_B_BR_35_R2;"Déblayeur Bravos";Rare;2
ALT_ALIZE_B_BR_35_U_10193;"Défricheur ou Sapeur Bravos";Unique;1
ALT_ALIZE_B_BR_35_U_9142;"Défricheur ou Sapeur Bravos";Unique;1
ALT_ALIZE_B_BR_35_U_9416;"Défricheur ou Sapeur Bravos";Unique;1
ALT_ALIZE_B_BR_36_C;"Secouriste Bravos";Commun;3
ALT_ALIZE_B_BR_36_R1;"Secouriste Bravos";Rare;3
ALT_ALIZE_B_BR_36_R2;"Secouriste Bravos";Rare;2
ALT_ALIZE_B_BR_37_R1;"Gericht, Bretteur Honoré";Rare;1
ALT_ALIZE_B_BR_37_R2;"Gericht, Bretteur Honoré";Rare;1
ALT_ALIZE_B_BR_37_U_19371;"Gericht, Bretteur Honoré";Unique;1
ALT_ALIZE_B_BR_38_R1;Akhlut;Rare;3
ALT_ALIZE_B_BR_38_R2;Akhlut;Rare;1
ALT_ALIZE_B_BR_38_U_19088;Akhlut;Unique;1
ALT_ALIZE_B_BR_38_U_19238;Akhlut;Unique;1
ALT_ALIZE_B_BR_39_C;Amarok;Commun;1
ALT_ALIZE_B_BR_39_R1;Amarok;Rare;1
ALT_ALIZE_B_BR_39_R2;Amarok;Rare;3
ALT_ALIZE_B_BR_39_U_15664;Amarok;Unique;1
ALT_ALIZE_B_BR_40_R2;Éros;Rare;1
ALT_ALIZE_B_BR_41_C;"Embrasement de Mana";Commun;3
ALT_ALIZE_B_BR_41_R2;"Embrasement de Mana";Rare;3
ALT_ALIZE_B_BR_42_C;Geyser;Commun;3
ALT_ALIZE_B_BR_42_R1;Geyser;Rare;1
ALT_ALIZE_B_BR_43_C;"Lait d'Arcolano";Commun;3
ALT_ALIZE_B_BR_43_R2;"Lait d'Arcolano";Rare;3
ALT_ALIZE_B_BR_44_C;"Bottes Techniques";Commun;3
ALT_ALIZE_B_BR_44_R2;"Bottes Techniques";Rare;3
ALT_ALIZE_B_BR_45_C;"Barre Énergétique Mangez-Moi";Commun;3
ALT_ALIZE_B_BR_45_R1;"Barre Énergétique Mangez-Moi";Rare;3
ALT_ALIZE_B_BR_45_R2;"Barre Énergétique Mangez-Moi";Rare;3
ALT_ALIZE_B_BR_46_R1;"Pic Saisi par les Glaces";Rare;1
ALT_ALIZE_B_BR_46_R2;"Pic Saisi par les Glaces";Rare;5
ALT_ALIZE_B_LY_31_C;"Entasseur Magpeng";Commun;3
ALT_ALIZE_B_LY_31_R1;"Entasseur Magpeng";Rare;2
ALT_ALIZE_B_LY_31_R2;"Entasseur Magpeng";Rare;2
ALT_ALIZE_B_LY_32_C;"Commando Boule-de-Neige";Commun;3
ALT_ALIZE_B_LY_32_R1;"Commando Boule-de-Neige";Rare;1
ALT_ALIZE_B_LY_32_R2;"Commando Boule-de-Neige";Rare;1
ALT_ALIZE_B_LY_32_U_16355;"Commando Boule-de-Neige";Unique;1
ALT_ALIZE_B_LY_33_C;"Le Bonhomme de Neige";Commun;4
ALT_ALIZE_B_LY_33_R1;"Le Bonhomme de Neige";Rare;3
ALT_ALIZE_B_LY_33_R2;"Le Bonhomme de Neige";Rare;3
ALT_ALIZE_B_LY_33_U_6905;"Le Bonhomme de Neige";Unique;1
ALT_ALIZE_B_LY_34_C;"Nyala, Habile Illusionniste";Commun;4
ALT_ALIZE_B_LY_34_R1;"Nyala, Habile Illusionniste";Rare;3
ALT_ALIZE_B_LY_34_R2;"Nyala, Habile Illusionniste";Rare;3
ALT_ALIZE_B_LY_35_C;"Feu Follet";Commun;9
ALT_ALIZE_B_LY_35_R1;"Feu Follet";Rare;1
ALT_ALIZE_B_LY_35_R2;"Feu Follet";Rare;1
ALT_ALIZE_B_LY_36_C;Nisse;Commun;4
ALT_ALIZE_B_LY_36_R1;Nisse;Rare;3
ALT_ALIZE_B_LY_36_R2;Nisse;Rare;1
ALT_ALIZE_B_LY_36_U_16581;Nisse;Unique;1
ALT_ALIZE_B_LY_36_U_2639;Nisse;Unique;1
ALT_ALIZE_B_LY_37_C;"Le Père Noël";Commun;12
ALT_ALIZE_B_LY_37_R1;"Le Père Noël";Rare;1
ALT_ALIZE_B_LY_38_C;Heimdall;Commun;8
ALT_ALIZE_B_LY_38_R1;Heimdall;Rare;3
ALT_ALIZE_B_LY_38_R2;Heimdall;Rare;2
ALT_ALIZE_B_LY_39_C;"Tour de Passe-Passe";Commun;5
ALT_ALIZE_B_LY_39_R1;"Tour de Passe-Passe";Rare;3
ALT_ALIZE_B_LY_39_R2;"Tour de Passe-Passe";Rare;3
ALT_ALIZE_B_LY_40_C;"Virée Endiablée";Commun;8
ALT_ALIZE_B_LY_40_R1;"Virée Endiablée";Rare;3
ALT_ALIZE_B_LY_40_R2;"Virée Endiablée";Rare;3
ALT_ALIZE_B_LY_41_C;"Douce Nuit";Commun;4
ALT_ALIZE_B_LY_41_R1;"Douce Nuit";Rare;1
ALT_ALIZE_B_LY_41_R2;"Douce Nuit";Rare;1
ALT_ALIZE_B_LY_42_C;"Briser la Glace";Commun;5
ALT_ALIZE_B_LY_42_R1;"Briser la Glace";Rare;3
ALT_ALIZE_B_LY_42_R2;"Briser la Glace";Rare;1
ALT_ALIZE_B_LY_43_C;"Tenue Hivernale";Commun;6
ALT_ALIZE_B_LY_43_R1;"Tenue Hivernale";Rare;2
ALT_ALIZE_B_LY_44_C;"Le Traîneau Enchanté";Commun;8
ALT_ALIZE_B_LY_44_R1;"Le Traîneau Enchanté";Rare;3
ALT_ALIZE_B_LY_44_R2;"Le Traîneau Enchanté";Rare;2
ALT_ALIZE_B_LY_45_C;"Toundra Saisie par les Glaces";Commun;8
ALT_ALIZE_B_LY_45_R1;"Toundra Saisie par les Glaces";Rare;3
ALT_ALIZE_B_LY_45_R2;"Toundra Saisie par les Glaces";Rare;1
ALT_ALIZE_B_MU_31_R1;"Jack Frost";Rare;1
ALT_ALIZE_B_MU_31_R2;"Jack Frost";Rare;1
ALT_ALIZE_B_MU_32_C;"Champignon Exténueur";Commun;3
ALT_ALIZE_B_MU_32_R2;"Champignon Exténueur";Rare;3
ALT_ALIZE_B_MU_33_C;Perséphone;Commun;3
ALT_ALIZE_B_MU_33_R1;Perséphone;Rare;1
ALT_ALIZE_B_MU_33_R2;Perséphone;Rare;3
ALT_ALIZE_B_MU_34_R1;"Loutre Rempoteuse";Rare;1
ALT_ALIZE_B_MU_34_R2;"Loutre Rempoteuse";Rare;1
ALT_ALIZE_B_MU_34_U_9479;"Loutre Rempoteuse";Unique;1
ALT_ALIZE_B_MU_35_R2;"Saskia, Naturaliste Rusée";Rare;1
ALT_ALIZE_B_MU_35_U_19117;"Saskia, Naturaliste Rusée";Unique;1
ALT_ALIZE_B_MU_36_R1;Yéti;Rare;1
ALT_ALIZE_B_MU_36_R2;Yéti;Rare;2
ALT_ALIZE_B_MU_37_C;"Puissant Simbi";Commun;3
ALT_ALIZE_B_MU_37_R2;"Puissant Simbi";Rare;1
ALT_ALIZE_B_MU_38_R1;Liéchi;Rare;1
ALT_ALIZE_B_MU_38_U_10344;Liéchi;Unique;1
ALT_ALIZE_B_MU_38_U_19338;Liéchi;Unique;1
ALT_ALIZE_B_MU_39_R1;"La Demoiselle des Neiges";Rare;2
ALT_ALIZE_B_MU_40_C;Déméter;Commun;3
ALT_ALIZE_B_MU_40_R1;Déméter;Rare;1
ALT_ALIZE_B_MU_40_R2;Déméter;Rare;5
ALT_ALIZE_B_MU_41_R1;Semer;Rare;1
ALT_ALIZE_B_MU_41_R2;Semer;Rare;4
ALT_ALIZE_B_MU_42_R2;"Perdu en Forêt";Rare;3
ALT_ALIZE_B_MU_43_C;"Haricots Magiques";Commun;3
ALT_ALIZE_B_MU_43_R2;"Haricots Magiques";Rare;3
ALT_ALIZE_B_MU_44_R2;"Tente Florale";Rare;4
ALT_ALIZE_B_MU_45_R2;"Taïga Saisie par les Glaces";Rare;3
ALT_ALIZE_B_NE_FOILER_C;Foiler;Commun;15
ALT_ALIZE_B_OR_33_R2;Limier;Rare;3
ALT_ALIZE_B_OR_33_U_19145;Limier;Unique;1
ALT_ALIZE_B_OR_34_R1;"Superviseuse Ordis";Rare;3
ALT_ALIZE_B_OR_34_R2;"Superviseuse Ordis";Rare;4
ALT_ALIZE_B_OR_35_R1;"Dong Da Shen";Rare;1
ALT_ALIZE_B_OR_36_C;"Veilleur Ordis";Commun;3
ALT_ALIZE_B_OR_36_R1;"Veilleur Ordis";Rare;1
ALT_ALIZE_B_OR_36_R2;"Veilleur Ordis";Rare;1
ALT_ALIZE_B_OR_36_U_14562;"Veilleur Ordis";Unique;1
ALT_ALIZE_B_OR_36_U_5549;"Veilleur Ordis";Unique;1
ALT_ALIZE_B_OR_37_R1;"Ebenezer Scrooge";Rare;1
ALT_ALIZE_B_OR_37_R2;"Ebenezer Scrooge";Rare;2
ALT_ALIZE_B_OR_38_R2;"Sunisa, Enseigne Dévouée";Rare;2
ALT_ALIZE_B_OR_39_C;Valémon;Commun;2
ALT_ALIZE_B_OR_39_R1;Valémon;Rare;2
ALT_ALIZE_B_OR_39_R2;Valémon;Rare;1
ALT_ALIZE_B_OR_40_C;Hypothermie;Commun;3
ALT_ALIZE_B_OR_40_R2;Hypothermie;Rare;2
ALT_ALIZE_B_OR_41_C;"Opératrice Ordis";Commun;2
ALT_ALIZE_B_OR_41_R2;"Opératrice Ordis";Rare;2
ALT_ALIZE_B_OR_42_R1;"Case Prison";Rare;1
ALT_ALIZE_B_OR_42_R2;"Case Prison";Rare;3
ALT_ALIZE_B_OR_43_R1;Renforts;Rare;1
ALT_ALIZE_B_OR_43_R2;Renforts;Rare;3
ALT_ALIZE_B_OR_44_R1;"Cri de Ralliement";Rare;4
ALT_ALIZE_B_OR_44_R2;"Cri de Ralliement";Rare;3
ALT_ALIZE_B_OR_45_R1;"Armurerie Mobile";Rare;1
ALT_ALIZE_B_OR_45_R2;"Armurerie Mobile";Rare;3
ALT_ALIZE_B_OR_46_R2;Benzaiten;Rare;1
ALT_ALIZE_B_OR_46_U_3108;Benzaiten;Unique;1
ALT_ALIZE_B_OR_47_R1;"Lac Saisi par les Glaces";Rare;1
ALT_ALIZE_B_OR_47_R2;"Lac Saisi par les Glaces";Rare;3
ALT_ALIZE_B_YZ_32_C;"Larve de Phalène";Commun;3
ALT_ALIZE_B_YZ_32_R1;"Larve de Phalène";Rare;2
ALT_ALIZE_B_YZ_32_R2;"Larve de Phalène";Rare;2
ALT_ALIZE_B_YZ_32_U_2685;"Larve de Phalène";Unique;1
ALT_ALIZE_B_YZ_33_C;Chrysalide;Commun;3
ALT_ALIZE_B_YZ_33_R1;Chrysalide;Rare;2
ALT_ALIZE_B_YZ_33_U_1792;Chrysalide;Unique;1
ALT_ALIZE_B_YZ_33_U_19149;Chrysalide;Unique;1
ALT_ALIZE_B_YZ_33_U_2263;Chrysalide;Unique;1
ALT_ALIZE_B_YZ_34_C;Pamola;Commun;6
ALT_ALIZE_B_YZ_34_R1;Pamola;Rare;2
ALT_ALIZE_B_YZ_34_R2;Pamola;Rare;3
ALT_ALIZE_B_YZ_35_C;Belasenka;Commun;7
ALT_ALIZE_B_YZ_35_R1;Belasenka;Rare;3
ALT_ALIZE_B_YZ_35_R2;Belasenka;Rare;1
ALT_ALIZE_B_YZ_35_U_16986;Belasenka;Unique;1
ALT_ALIZE_B_YZ_36_C;"Aroro, Rempart d'Asgartha";Commun;4
ALT_ALIZE_B_YZ_36_R1;"Aroro, Rempart d'Asgartha";Rare;3
ALT_ALIZE_B_YZ_37_C;"Nova Hivernale";Commun;4
ALT_ALIZE_B_YZ_37_R1;"Nova Hivernale";Rare;3
ALT_ALIZE_B_YZ_37_R2;"Nova Hivernale";Rare;2
ALT_ALIZE_B_YZ_38_C;"La Reine des Neiges";Commun;7
ALT_ALIZE_B_YZ_38_R1;"La Reine des Neiges";Rare;4
ALT_ALIZE_B_YZ_38_U_4833;"La Reine des Neiges";Unique;1
ALT_ALIZE_B_YZ_39_C;Givre;Commun;6
ALT_ALIZE_B_YZ_39_R1;Givre;Rare;3
ALT_ALIZE_B_YZ_40_C;Gel;Commun;8
ALT_ALIZE_B_YZ_40_R1;Gel;Rare;4
ALT_ALIZE_B_YZ_40_R2;Gel;Rare;1
ALT_ALIZE_B_YZ_41_C;"Invocation de Phalène";Commun;6
ALT_ALIZE_B_YZ_41_R1;"Invocation de Phalène";Rare;3
ALT_ALIZE_B_YZ_41_R2;"Invocation de Phalène";Rare;1
ALT_ALIZE_B_YZ_42_C;Blizzard;Commun;6
ALT_ALIZE_B_YZ_42_R1;Blizzard;Rare;1
ALT_ALIZE_B_YZ_42_R2;Blizzard;Rare;2
ALT_ALIZE_B_YZ_43_C;"Nuée de Phalènes";Commun;7
ALT_ALIZE_B_YZ_43_R1;"Nuée de Phalènes";Rare;3
ALT_ALIZE_B_YZ_43_R2;"Nuée de Phalènes";Rare;3
ALT_ALIZE_B_YZ_44_C;"Lanterne aux Phalènes";Commun;6
ALT_ALIZE_B_YZ_44_R1;"Lanterne aux Phalènes";Rare;3
ALT_ALIZE_B_YZ_44_R2;"Lanterne aux Phalènes";Rare;1
ALT_ALIZE_B_YZ_45_C;"Le Nilam, Arbre-Monde Flétri";Commun;3
ALT_ALIZE_B_YZ_45_R1;"Le Nilam, Arbre-Monde Flétri";Rare;3
ALT_ALIZE_B_YZ_45_R2;"Le Nilam, Arbre-Monde Flétri";Rare;3
ALT_ALIZE_B_YZ_46_C;"Col Saisi par les Glaces";Commun;4
ALT_ALIZE_B_YZ_46_R1;"Col Saisi par les Glaces";Rare;3
ALT_ALIZE_B_YZ_46_R2;"Col Saisi par les Glaces";Rare;3
ALT_BISE_A_AX_56_C;Icare;Commun;8
ALT_BISE_A_AX_56_R2;Icare;Rare;1
ALT_BISE_A_AX_63_C;"La Raffinerie";Commun;3
ALT_BISE_A_BR_58_C;Thésée;Commun;8
ALT_BISE_A_BR_58_R1;Thésée;Rare;2
ALT_BISE_A_BR_58_R2;Thésée;Rare;1
ALT_BISE_A_LY_53_C;Dédale;Commun;6
ALT_BISE_A_LY_53_R1;Dédale;Rare;3
ALT_BISE_A_LY_53_R2;Dédale;Rare;5
ALT_BISE_A_MU_58_C;"Le Minotaure";Commun;11
ALT_BISE_A_MU_58_R1;"Le Minotaure";Rare;2
ALT_BISE_A_MU_58_R2;"Le Minotaure";Rare;3
ALT_BISE_A_OR_57_C;Ariane;Commun;8
ALT_BISE_A_OR_57_R1;Ariane;Rare;2
ALT_BISE_A_OR_57_R2;Ariane;Rare;2
ALT_BISE_A_YZ_52_C;Pasiphaé;Commun;9
ALT_BISE_A_YZ_52_R1;Pasiphaé;Rare;3
ALT_BISE_A_YZ_52_R2;Pasiphaé;Rare;1
ALT_BISE_B_AX_49_C;"Renifleur de Sève";Commun;6
ALT_BISE_B_AX_49_R1;"Renifleur de Sève";Rare;3
ALT_BISE_B_AX_50_C;"Drone Ratisseur";Commun;6
ALT_BISE_B_AX_50_R1;"Drone Ratisseur";Rare;2
ALT_BISE_B_AX_50_R2;"Drone Ratisseur";Rare;1
ALT_BISE_B_AX_50_U_14606;"Drone Ratisseur";Unique;1
ALT_BISE_B_AX_51_C;"Drone Designer";Commun;4
ALT_BISE_B_AX_51_R1;"Drone Designer";Rare;4
ALT_BISE_B_AX_51_U_12850;"Drone Designer";Unique;1
ALT_BISE_B_AX_52_C;Taupetaraude;Commun;5
ALT_BISE_B_AX_52_R1;Taupetaraude;Rare;2
ALT_BISE_B_AX_52_R2;Taupetaraude;Rare;1
ALT_BISE_B_AX_53_C;"Les Grems";Commun;4
ALT_BISE_B_AX_53_R1;"Les Grems";Rare;2
ALT_BISE_B_AX_53_R2;"Les Grems";Rare;2
ALT_BISE_B_AX_54_C;"Aby, Livreuse de Sève";Commun;4
ALT_BISE_B_AX_54_R1;"Aby, Livreuse de Sève";Rare;3
ALT_BISE_B_AX_54_R2;"Aby, Livreuse de Sève";Rare;1
ALT_BISE_B_AX_55_C;"Gestionnaire de Pénurie";Commun;4
ALT_BISE_B_AX_55_R1;"Gestionnaire de Pénurie";Rare;3
ALT_BISE_B_AX_55_R2;"Gestionnaire de Pénurie";Rare;2
ALT_BISE_B_AX_56_C;Icare;Commun;4
ALT_BISE_B_AX_56_R1;Icare;Rare;2
ALT_BISE_B_AX_56_R2;Icare;Rare;3
ALT_BISE_B_AX_57_C;"Prototype Amélioré";Commun;4
ALT_BISE_B_AX_57_R1;"Prototype Amélioré";Rare;3
ALT_BISE_B_AX_57_R2;"Prototype Amélioré";Rare;3
ALT_BISE_B_AX_58_C;Botfix;Commun;5
ALT_BISE_B_AX_58_R1;Botfix;Rare;3
ALT_BISE_B_AX_58_R2;Botfix;Rare;1
ALT_BISE_B_AX_59_C;"Débordement de Sève";Commun;4
ALT_BISE_B_AX_59_R2;"Débordement de Sève";Rare;2
ALT_BISE_B_AX_60_C;"Extracteur de Sève";Commun;6
ALT_BISE_B_AX_60_R1;"Extracteur de Sève";Rare;1
ALT_BISE_B_AX_60_R2;"Extracteur de Sève";Rare;2
ALT_BISE_B_AX_61_C;"Unité Lab Tech";Commun;4
ALT_BISE_B_AX_61_R1;"Unité Lab Tech";Rare;3
ALT_BISE_B_AX_61_R2;"Unité Lab Tech";Rare;2
ALT_BISE_B_AX_62_C;"Cabas à Scara";Commun;4
ALT_BISE_B_AX_62_R1;"Cabas à Scara";Rare;3
ALT_BISE_B_AX_62_R2;"Cabas à Scara";Rare;2
ALT_BISE_B_AX_63_C;"La Raffinerie";Commun;4
ALT_BISE_B_AX_63_R1;"La Raffinerie";Rare;3
ALT_BISE_B_AX_63_R2;"La Raffinerie";Rare;3
ALT_BISE_B_BR_49_C;"Petit Cuistot";Commun;3
ALT_BISE_B_BR_49_R2;"Petit Cuistot";Rare;3
ALT_BISE_B_BR_49_U_7755;"Petit Cuistot";Unique;1
ALT_BISE_B_BR_50_R1;"Porteuse d'Esprit";Rare;1
ALT_BISE_B_BR_50_U_13568;"Porteuse d'Esprit";Unique;1
ALT_BISE_B_BR_51_R1;"Pendekar Bravos";Rare;2
ALT_BISE_B_BR_52_C;"Skateuse Talarienne";Commun;3
ALT_BISE_B_BR_52_R1;"Skateuse Talarienne";Rare;2
ALT_BISE_B_BR_52_R2;"Skateuse Talarienne";Rare;1
ALT_BISE_B_BR_52_U_12630;"Skateuse Talarienne";Unique;1
ALT_BISE_B_BR_52_U_7307;"Skateuse Talarienne";Unique;1
ALT_BISE_B_BR_52_U_8380;"Skateuse Talarienne";Unique;1
ALT_BISE_B_BR_53_R2;"Excavateur Bravos";Rare;3
ALT_BISE_B_BR_54_R2;"Chef Pâtissier";Rare;1
ALT_BISE_B_BR_55_R1;Hestia;Rare;1
ALT_BISE_B_BR_56_R1;"Aoife, Avatar de Feu";Rare;2
ALT_BISE_B_BR_56_R2;"Aoife, Avatar de Feu";Rare;1
ALT_BISE_B_BR_57_C;"Djinn Fulgurant";Commun;3
ALT_BISE_B_BR_57_R1;"Djinn Fulgurant";Rare;3
ALT_BISE_B_BR_57_R2;"Djinn Fulgurant";Rare;4
ALT_BISE_B_BR_57_U_11488;"Djinn Fulgurant";Unique;1
ALT_BISE_B_BR_58_R1;Thésée;Rare;2
ALT_BISE_B_BR_58_R2;Thésée;Rare;2
ALT_BISE_B_BR_59_C;"Hydre de Lerne";Commun;3
ALT_BISE_B_BR_59_R1;"Hydre de Lerne";Rare;2
ALT_BISE_B_BR_59_R2;"Hydre de Lerne";Rare;3
ALT_BISE_B_BR_60_C;"Tasse de Sève";Commun;3
ALT_BISE_B_BR_60_R1;"Tasse de Sève";Rare;1
ALT_BISE_B_BR_60_R2;"Tasse de Sève";Rare;3
ALT_BISE_B_BR_61_C;"Duel de Cran";Commun;3
ALT_BISE_B_BR_61_R1;"Duel de Cran";Rare;3
ALT_BISE_B_BR_61_R2;"Duel de Cran";Rare;3
ALT_BISE_B_BR_62_C;"Le Ragoût";Commun;3
ALT_BISE_B_BR_62_R1;"Le Ragoût";Rare;2
ALT_BISE_B_BR_62_R2;"Le Ragoût";Rare;2
ALT_BISE_B_BR_63_R1;"Le Mess";Rare;1
ALT_BISE_B_BR_63_R2;"Le Mess";Rare;2
ALT_BISE_B_LY_49_C;"Bassiste de Bliss";Commun;4
ALT_BISE_B_LY_49_R1;"Bassiste de Bliss";Rare;2
ALT_BISE_B_LY_49_R2;"Bassiste de Bliss";Rare;3
ALT_BISE_B_LY_49_U_15012;"Bassiste de Bliss";Unique;1
ALT_BISE_B_LY_50_C;"Fan de Bliss";Commun;5
ALT_BISE_B_LY_50_R1;"Fan de Bliss";Rare;3
ALT_BISE_B_LY_50_R2;"Fan de Bliss";Rare;1
ALT_BISE_B_LY_51_C;"Contorsionniste Lyra";Commun;4
ALT_BISE_B_LY_51_R1;"Contorsionniste Lyra";Rare;3
ALT_BISE_B_LY_51_R2;"Contorsionniste Lyra";Rare;3
ALT_BISE_B_LY_51_U_9348;"Contorsionniste Lyra";Unique;1
ALT_BISE_B_LY_51_U_9976;"Contorsionniste Lyra";Unique;1
ALT_BISE_B_LY_52_C;"Claviériste de Bliss";Commun;4
ALT_BISE_B_LY_52_R1;"Claviériste de Bliss";Rare;1
ALT_BISE_B_LY_52_R2;"Claviériste de Bliss";Rare;4
ALT_BISE_B_LY_53_C;Dédale;Commun;5
ALT_BISE_B_LY_53_R1;Dédale;Rare;2
ALT_BISE_B_LY_53_R2;Dédale;Rare;2
ALT_BISE_B_LY_53_U_4386;Dédale;Unique;1
ALT_BISE_B_LY_54_C;"Batteur de Bliss";Commun;5
ALT_BISE_B_LY_54_R1;"Batteur de Bliss";Rare;1
ALT_BISE_B_LY_55_C;Lakshmi;Commun;5
ALT_BISE_B_LY_55_R2;Lakshmi;Rare;1
ALT_BISE_B_LY_55_U_15355;Lakshmi;Unique;1
ALT_BISE_B_LY_56_C;"Efrén, Marionnettiste";Commun;5
ALT_BISE_B_LY_56_R1;"Efrén, Marionnettiste";Rare;1
ALT_BISE_B_LY_56_R2;"Efrén, Marionnettiste";Rare;1
ALT_BISE_B_LY_56_U_14113;"Efrén, Marionnettiste";Unique;1
ALT_BISE_B_LY_56_U_16762;"Efrén, Marionnettiste";Unique;1
ALT_BISE_B_LY_57_C;"L'Homme dans le Labyrinthe";Commun;4
ALT_BISE_B_LY_57_R2;"L'Homme dans le Labyrinthe";Rare;2
ALT_BISE_B_LY_58_C;"Poignantes Retrouvailles";Commun;4
ALT_BISE_B_LY_58_R1;"Poignantes Retrouvailles";Rare;3
ALT_BISE_B_LY_58_R2;"Poignantes Retrouvailles";Rare;2
ALT_BISE_B_LY_59_C;Bis;Commun;3
ALT_BISE_B_LY_59_R1;Bis;Rare;1
ALT_BISE_B_LY_59_R2;Bis;Rare;1
ALT_BISE_B_LY_60_C;"Marqué d'une Croix";Commun;4
ALT_BISE_B_LY_60_R1;"Marqué d'une Croix";Rare;3
ALT_BISE_B_LY_60_R2;"Marqué d'une Croix";Rare;2
ALT_BISE_B_LY_61_C;"Duende de Sève";Commun;4
ALT_BISE_B_LY_61_R1;"Duende de Sève";Rare;3
ALT_BISE_B_LY_61_R2;"Duende de Sève";Rare;1
ALT_BISE_B_LY_62_C;"Le Wayfarer";Commun;5
ALT_BISE_B_LY_62_R1;"Le Wayfarer";Rare;4
ALT_BISE_B_LY_62_R2;"Le Wayfarer";Rare;3
ALT_BISE_B_LY_63_C;"La Scène";Commun;5
ALT_BISE_B_LY_63_R1;"La Scène";Rare;2
ALT_BISE_B_LY_63_R2;"La Scène";Rare;4
ALT_BISE_B_MU_49_C;"Fouisseur Nouch";Commun;3
ALT_BISE_B_MU_49_R1;"Fouisseur Nouch";Rare;2
ALT_BISE_B_MU_49_R2;"Fouisseur Nouch";Rare;4
ALT_BISE_B_MU_49_U_7590;"Fouisseur Nouch";Unique;1
ALT_BISE_B_MU_50_C;Beillerave;Commun;3
ALT_BISE_B_MU_50_R1;Beillerave;Rare;2
ALT_BISE_B_MU_50_R2;Beillerave;Rare;2
ALT_BISE_B_MU_51_C;"Renarde Intègre";Commun;3
ALT_BISE_B_MU_51_R1;"Renarde Intègre";Rare;2
ALT_BISE_B_MU_51_R2;"Renarde Intègre";Rare;3
ALT_BISE_B_MU_52_R1;"Corgi Câline";Rare;1
ALT_BISE_B_MU_52_R2;"Corgi Câline";Rare;1
ALT_BISE_B_MU_52_U_25180;"Corgi Câline";Unique;1
ALT_BISE_B_MU_53_R1;"La Petite Souris";Rare;1
ALT_BISE_B_MU_53_R2;"La Petite Souris";Rare;2
ALT_BISE_B_MU_53_U_14557;"La Petite Souris";Unique;1
ALT_BISE_B_MU_54_R1;"Flore, Maraîchère Attentive";Rare;3
ALT_BISE_B_MU_54_R2;"Flore, Maraîchère Attentive";Rare;1
ALT_BISE_B_MU_55_R1;"Essaim de Libellumines";Rare;2
ALT_BISE_B_MU_55_R2;"Essaim de Libellumines";Rare;2
ALT_BISE_B_MU_55_U_15395;"Essaim de Libellumines";Unique;1
ALT_BISE_B_MU_56_R1;"Grand Bois";Rare;1
ALT_BISE_B_MU_56_R2;"Grand Bois";Rare;1
ALT_BISE_B_MU_56_U_12911;"Grand Bois";Unique;1
ALT_BISE_B_MU_56_U_16132;"Grand Bois";Unique;1
ALT_BISE_B_MU_57_R2;Arawn;Rare;2
ALT_BISE_B_MU_57_U_13815;Arawn;Unique;1
ALT_BISE_B_MU_58_R2;"Le Minotaure";Rare;3
ALT_BISE_B_MU_58_U_11232;"Le Minotaure";Unique;1
ALT_BISE_B_MU_58_U_14358;"Le Minotaure";Unique;1
ALT_BISE_B_MU_59_R2;"Dissémination de Sève";Rare;1
ALT_BISE_B_MU_60_C;Requiem;Commun;3
ALT_BISE_B_MU_60_R1;Requiem;Rare;1
ALT_BISE_B_MU_60_R2;Requiem;Rare;2
ALT_BISE_B_MU_61_R1;Nourrissement;Rare;1
ALT_BISE_B_MU_62_R1;"La Ferme";Rare;2
ALT_BISE_B_MU_62_R2;"La Ferme";Rare;2
ALT_BISE_B_MU_63_R1;"Le Sous-Bois";Rare;1
ALT_BISE_B_MU_63_R2;"Le Sous-Bois";Rare;1
ALT_BISE_B_NE_FOILER_C;Foiler;Commun;14
ALT_BISE_B_NE_FOILER_R;Foiler;Rare;58
ALT_BISE_B_NE_FOILER_U;Foiler;Unique;2
ALT_BISE_B_OR_49_C;"Crieur Ordis";Commun;3
ALT_BISE_B_OR_49_R1;"Crieur Ordis";Rare;1
ALT_BISE_B_OR_49_R2;"Crieur Ordis";Rare;3
ALT_BISE_B_OR_50_C;"Comptable Ordis";Commun;3
ALT_BISE_B_OR_50_R2;"Comptable Ordis";Rare;3
ALT_BISE_B_OR_50_U_11940;"Comptable Ordis";Unique;1
ALT_BISE_B_OR_50_U_7625;"Comptable Ordis";Unique;1
ALT_BISE_B_OR_51_C;"Commis du Personnel";Commun;3
ALT_BISE_B_OR_51_R1;"Commis du Personnel";Rare;1
ALT_BISE_B_OR_51_R2;"Commis du Personnel";Rare;2
ALT_BISE_B_OR_51_U_14467;"Commis du Personnel";Unique;1
ALT_BISE_B_OR_52_R2;"Leo, Expert en Reliques";Rare;1
ALT_BISE_B_OR_52_U_7781;"Leo, Expert en Reliques";Unique;1
ALT_BISE_B_OR_52_U_8293;"Leo, Expert en Reliques";Unique;1
ALT_BISE_B_OR_53_R2;"Régisseuse Ordis";Rare;3
ALT_BISE_B_OR_53_U_15359;"Régisseuse Ordis";Unique;1
ALT_BISE_B_OR_54_C;"Templier de l'Aegis";Commun;3
ALT_BISE_B_OR_54_R2;"Templier de l'Aegis";Rare;4
ALT_BISE_B_OR_55_R2;"Inspecteur Sanitaire";Rare;4
ALT_BISE_B_OR_55_U_15433;"Inspecteur Sanitaire";Unique;1
ALT_BISE_B_OR_56_R1;"Fiore dei Liberi";Rare;1
ALT_BISE_B_OR_56_R2;"Fiore dei Liberi";Rare;4
ALT_BISE_B_OR_57_R1;Ariane;Rare;2
ALT_BISE_B_OR_58_R1;Simurgh;Rare;2
ALT_BISE_B_OR_58_R2;Simurgh;Rare;1
ALT_BISE_B_OR_58_U_13405;Simurgh;Unique;1
ALT_BISE_B_OR_59_C;"Retrait de Licence";Commun;3
ALT_BISE_B_OR_59_R1;"Retrait de Licence";Rare;1
ALT_BISE_B_OR_59_R2;"Retrait de Licence";Rare;2
ALT_BISE_B_OR_60_R1;Conscription;Rare;1
ALT_BISE_B_OR_60_R2;Conscription;Rare;3
ALT_BISE_B_OR_61_R1;"Testament de Rune";Rare;1
ALT_BISE_B_OR_61_R2;"Testament de Rune";Rare;3
ALT_BISE_B_OR_62_R1;Mesektet;Rare;3
ALT_BISE_B_OR_62_R2;Mesektet;Rare;2
ALT_BISE_B_OR_63_R1;"La Grand-Place";Rare;2
ALT_BISE_B_OR_63_R2;"La Grand-Place";Rare;1
ALT_BISE_B_YZ_49_C;"Griffonneur Étoilé";Commun;5
ALT_BISE_B_YZ_49_R1;"Griffonneur Étoilé";Rare;3
ALT_BISE_B_YZ_49_R2;"Griffonneur Étoilé";Rare;3
ALT_BISE_B_YZ_50_C;"Tatoueur Yzmir";Commun;4
ALT_BISE_B_YZ_50_R1;"Tatoueur Yzmir";Rare;2
ALT_BISE_B_YZ_50_R2;"Tatoueur Yzmir";Rare;3
ALT_BISE_B_YZ_51_C;"Infirmière Yzmir";Commun;5
ALT_BISE_B_YZ_51_R1;"Infirmière Yzmir";Rare;2
ALT_BISE_B_YZ_51_R2;"Infirmière Yzmir";Rare;3
ALT_BISE_B_YZ_51_U_15342;"Infirmière Yzmir";Unique;1
ALT_BISE_B_YZ_52_C;Pasiphaé;Commun;5
ALT_BISE_B_YZ_52_R1;Pasiphaé;Rare;2
ALT_BISE_B_YZ_52_R2;Pasiphaé;Rare;1
ALT_BISE_B_YZ_52_U_1987;Pasiphaé;Unique;1
ALT_BISE_B_YZ_53_C;"Indic du Qorgan";Commun;5
ALT_BISE_B_YZ_53_R1;"Indic du Qorgan";Rare;2
ALT_BISE_B_YZ_53_R2;"Indic du Qorgan";Rare;1
ALT_BISE_B_YZ_53_U_7901;"Indic du Qorgan";Unique;1
ALT_BISE_B_YZ_54_C;Merlin;Commun;4
ALT_BISE_B_YZ_54_R1;Merlin;Rare;3
ALT_BISE_B_YZ_54_R2;Merlin;Rare;3
ALT_BISE_B_YZ_55_C;"Sylas, Sorcier Insondable";Commun;3
ALT_BISE_B_YZ_55_R1;"Sylas, Sorcier Insondable";Rare;3
ALT_BISE_B_YZ_55_R2;"Sylas, Sorcier Insondable";Rare;1
ALT_BISE_B_YZ_55_U_15251;"Sylas, Sorcier Insondable";Unique;1
ALT_BISE_B_YZ_56_C;L'Affamé;Commun;5
ALT_BISE_B_YZ_56_R1;L'Affamé;Rare;3
ALT_BISE_B_YZ_56_R2;L'Affamé;Rare;3
ALT_BISE_B_YZ_57_C;"Infusion de Sève";Commun;5
ALT_BISE_B_YZ_57_R1;"Infusion de Sève";Rare;2
ALT_BISE_B_YZ_57_R2;"Infusion de Sève";Rare;1
ALT_BISE_B_YZ_58_C;Évanescence;Commun;4
ALT_BISE_B_YZ_58_R1;Évanescence;Rare;2
ALT_BISE_B_YZ_58_R2;Évanescence;Rare;2
ALT_BISE_B_YZ_59_C;"Entomologiste Yzmir";Commun;5
ALT_BISE_B_YZ_59_R1;"Entomologiste Yzmir";Rare;2
ALT_BISE_B_YZ_59_R2;"Entomologiste Yzmir";Rare;2
ALT_BISE_B_YZ_59_U_13998;"Entomologiste Yzmir";Unique;1
ALT_BISE_B_YZ_60_C;Métamorphose;Commun;4
ALT_BISE_B_YZ_60_R1;Métamorphose;Rare;3
ALT_BISE_B_YZ_60_R2;Métamorphose;Rare;2
ALT_BISE_B_YZ_61_C;"Festin de Pensées";Commun;4
ALT_BISE_B_YZ_61_R1;"Festin de Pensées";Rare;4
ALT_BISE_B_YZ_61_R2;"Festin de Pensées";Rare;1
ALT_BISE_B_YZ_62_C;"Les Flèches du Nilam";Commun;5
ALT_BISE_B_YZ_62_R1;"Les Flèches du Nilam";Rare;2
ALT_BISE_B_YZ_62_R2;"Les Flèches du Nilam";Rare;1
ALT_BISE_B_YZ_63_C;"Le Sépulcre des Sages";Commun;4
ALT_BISE_B_YZ_63_R1;"Le Sépulcre des Sages";Rare;3
ALT_CORE_A_AX_22_R2;"Entraînement Mécanique";Rare;1
ALT_CORE_A_AX_31_C;Scarabot;Commun;1
ALT_CORE_A_BR_26_C;"Entraînement Physique";Commun;3
ALT_CORE_A_BR_31_C;Booda;Commun;1
ALT_CORE_A_LY_22_C;"Entraînement A Cappella";Commun;3
ALT_CORE_A_OR_24_R2;"Entraînement à l'Esprit d'Équipe";Rare;2
ALT_CORE_A_OR_31_C;"Recrue Ordis";Commun;2
ALT_CORE_A_YZ_19_C;"Entraînement Magique";Commun;3
ALT_CORE_A_YZ_31_C;Maw;Commun;6
ALT_CORE_B_AX_01_C;"Sierra & Oddball";Commun;1
ALT_CORE_B_AX_04_C;"Élémentaire de Kélon";Commun;3
ALT_CORE_B_AX_05_R2;"Ingénieure de la Fonderie";Rare;2
ALT_CORE_B_AX_06_R1;Ogun;Rare;2
ALT_CORE_B_AX_07_C;"Mécanicienne de la Fonderie";Commun;2
ALT_CORE_B_AX_07_R1;"Mécanicienne de la Fonderie";Rare;3
ALT_CORE_B_AX_07_U_1977;"Mécanicienne de la Fonderie";Unique;1
ALT_CORE_B_AX_08_C;"Récupérateur Axiom";Commun;3
ALT_CORE_B_AX_08_R1;"Récupérateur Axiom";Rare;1
ALT_CORE_B_AX_09_R1;"Fée Clochette";Rare;1
ALT_CORE_B_AX_09_R2;"Fée Clochette";Rare;1
ALT_CORE_B_AX_10_C;"Jian, Superviseur d'Assemblage";Commun;2
ALT_CORE_B_AX_11_C;"Amelia Earhart";Commun;3
ALT_CORE_B_AX_12_C;"Trois Petits Cochons";Commun;2
ALT_CORE_B_AX_12_U_6844;"Trois Petits Cochons";Unique;1
ALT_CORE_B_AX_13_R2;"Ada Lovelace";Rare;1
ALT_CORE_B_AX_14_R1;Coppélia;Rare;1
ALT_CORE_B_AX_14_R2;Coppélia;Rare;2
ALT_CORE_B_AX_15_C;"Brouilleur Axiom";Commun;2
ALT_CORE_B_AX_15_R1;"Brouilleur Axiom";Rare;4
ALT_CORE_B_AX_16_C;"Armurière de la Fonderie";Commun;3
ALT_CORE_B_AX_16_R1;"Armurière de la Fonderie";Rare;1
ALT_CORE_B_AX_16_R2;"Armurière de la Fonderie";Rare;3
ALT_CORE_B_AX_16_U_3921;"Armurière de la Fonderie";Unique;1
ALT_CORE_B_AX_16_U_6893;"Armurière de la Fonderie";Unique;1
ALT_CORE_B_AX_18_R1;Athéna;Rare;1
ALT_CORE_B_AX_18_U_6356;Athéna;Unique;1
ALT_CORE_B_AX_19_R2;Ganesh;Rare;1
ALT_CORE_B_AX_20_R1;Happé;Rare;1
ALT_CORE_B_AX_21_R1;Boum !;Rare;1
ALT_CORE_B_AX_22_R1;"Entraînement Mécanique";Rare;1
ALT_CORE_B_AX_23_C;"Décharge de Kélon";Commun;3
ALT_CORE_B_AX_24_C;"Hub des Scarabots";Commun;3
ALT_CORE_B_AX_25_C;"Recycleur Axiom";Commun;3
ALT_CORE_B_AX_26_R1;"Cylindre de Kélon";Rare;2
ALT_CORE_B_AX_26_R2;"Cylindre de Kélon";Rare;1
ALT_CORE_B_AX_27_R1;"Générateur Kélonique";Rare;1
ALT_CORE_B_AX_28_R1;"Brouilleur Blindé";Rare;1
ALT_CORE_B_AX_30_C;"Ruche des Scarabots";Commun;2
ALT_CORE_B_BR_04_R1;Ratatosk;Rare;1
ALT_CORE_B_BR_04_U_2287;Ratatosk;Unique;1
ALT_CORE_B_BR_05_R1;Issun-bōshi;Rare;1
ALT_CORE_B_BR_05_R2;Issun-bōshi;Rare;1
ALT_CORE_B_BR_05_U_3718;Issun-bōshi;Unique;1
ALT_CORE_B_BR_07_R1;"Traceuse Bravos";Rare;2
ALT_CORE_B_BR_07_R2;"Traceuse Bravos";Rare;1
ALT_CORE_B_BR_08_R1;"Pionnière Bravos";Rare;1
ALT_CORE_B_BR_08_R2;"Pionnière Bravos";Rare;2
ALT_CORE_B_BR_09_U_5323;"Aspirant de Havre";Unique;1
ALT_CORE_B_BR_12_R1;"Hua Mulan";Rare;1
ALT_CORE_B_BR_13_R2;Kappa;Rare;1
ALT_CORE_B_BR_13_U_4641;Kappa;Unique;1
ALT_CORE_B_BR_14_R1;"Avant-Garde Bravos";Rare;2
ALT_CORE_B_BR_14_U_2381;"Avant-Garde Bravos";Unique;1
ALT_CORE_B_BR_16_R1;"Danseuse de Lames Bravos";Rare;2
ALT_CORE_B_BR_16_R2;"Danseuse de Lames Bravos";Rare;3
ALT_CORE_B_BR_19_R2;"Puissant Djinn";Rare;1
ALT_CORE_B_BR_20_R1;Atlas;Rare;1
ALT_CORE_B_BR_22_R2;Shenlong;Rare;2
ALT_CORE_B_BR_22_U_2021;Shenlong;Unique;1
ALT_CORE_B_BR_23_R2;"Tomoe Gozen";Rare;1
ALT_CORE_B_BR_23_U_2127;"Tomoe Gozen";Unique;1
ALT_CORE_B_BR_24_U_1397;"Kaibara, Léviathan Asgarthi";Unique;1
ALT_CORE_B_BR_25_C;"Main Tendue";Commun;1
ALT_CORE_B_BR_27_R1;"Canalisation de Mana";Rare;1
ALT_CORE_B_BR_28_R2;Intimidation;Rare;2
ALT_CORE_B_BR_29_R1;"Éruption de Mana";Rare;1
ALT_CORE_B_BR_30_R1;"Havre, Bastion Bravos";Rare;2
ALT_CORE_B_LY_04_R2;Martengale;Rare;1
ALT_CORE_B_LY_08_R2;"Skald Lyra";Rare;1
ALT_CORE_B_LY_09_C;Tanuki;Commun;2
ALT_CORE_B_LY_09_R1;Tanuki;Rare;2
ALT_CORE_B_LY_09_R2;Tanuki;Rare;1
ALT_CORE_B_LY_11_C;Esmeralda;Commun;3
ALT_CORE_B_LY_11_R1;Esmeralda;Rare;1
ALT_CORE_B_LY_12_R1;"Navigatrice Lyra";Rare;1
ALT_CORE_B_LY_13_R1;Anansi;Rare;1
ALT_CORE_B_LY_14_R1;"Danseuse d'Étoffe Lyra";Rare;1
ALT_CORE_B_LY_14_R2;"Danseuse d'Étoffe Lyra";Rare;1
ALT_CORE_B_LY_15_R2;"Le Marchand de Sable";Rare;1
ALT_CORE_B_LY_16_R1;"Chroniqueuse Lyra";Rare;1
ALT_CORE_B_LY_16_R2;"Chroniqueuse Lyra";Rare;2
ALT_CORE_B_LY_18_U_6379;"Le Chapelier";Unique;1
ALT_CORE_B_LY_19_R2;"Amahle, Paria Asgarthi";Rare;1
ALT_CORE_B_LY_19_U_4896;"Amahle, Paria Asgarthi";Unique;1
ALT_CORE_B_LY_20_R1;Asmodée;Rare;1
ALT_CORE_B_LY_21_R1;Loki;Rare;2
ALT_CORE_B_LY_21_U_2490;Loki;Unique;1
ALT_CORE_B_LY_21_U_299;Loki;Unique;1
ALT_CORE_B_LY_22_R1;"Entraînement A Cappella";Rare;1
ALT_CORE_B_LY_24_C;"Cocon d'Étoffe";Commun;2
ALT_CORE_B_LY_24_R2;"Cocon d'Étoffe";Rare;1
ALT_CORE_B_LY_25_R1;Tapis !;Rare;2
ALT_CORE_B_LY_25_R2;Tapis !;Rare;1
ALT_CORE_B_LY_26_R2;"Prison de Peinture";Rare;1
ALT_CORE_B_LY_27_R1;"Apothéose de l'Esprit";Rare;1
ALT_CORE_B_LY_28_R2;"Franchir le Bifröst";Rare;1
ALT_CORE_B_LY_29_R2;"Festival Lyra";Rare;1
ALT_CORE_B_LY_30_R1;"L'Ouroboros, Bastion Lyra";Rare;2
ALT_CORE_B_LY_30_R2;"L'Ouroboros, Bastion Lyra";Rare;4
ALT_CORE_B_MU_05_U_1107;Kitsune;Unique;1
ALT_CORE_B_MU_06_R2;"Vendangeurs du Fuseau";Rare;3
ALT_CORE_B_MU_07_R1;Mowgli;Rare;1
ALT_CORE_B_MU_07_R2;Mowgli;Rare;2
ALT_CORE_B_MU_09_R1;Kodama;Rare;1
ALT_CORE_B_MU_09_R2;Kodama;Rare;2
ALT_CORE_B_MU_10_R2;"Yong-Su, Tisserand Verdoyant";Rare;1
ALT_CORE_B_MU_10_U_2640;"Yong-Su, Tisserand Verdoyant";Unique;1
ALT_CORE_B_MU_12_R1;"Fille d'Yggdrasil";Rare;3
ALT_CORE_B_MU_12_R2;"Fille d'Yggdrasil";Rare;1
ALT_CORE_B_MU_13_U_5339;"Druide Muna";Unique;1
ALT_CORE_B_MU_13_U_7117;"Druide Muna";Unique;1
ALT_CORE_B_MU_14_U_283;Cernunnos;Unique;1
ALT_CORE_B_MU_16_R2;"Aloe Vera";Rare;1
ALT_CORE_B_MU_17_R1;Aja;Rare;1
ALT_CORE_B_MU_18_U_2437;Parvati;Unique;1
ALT_CORE_B_MU_20_R2;"Pignon Pugnace";Rare;3
ALT_CORE_B_MU_22_U_6121;Hydracaena;Unique;1
ALT_CORE_B_MU_23_R1;"Marchand Muna";Rare;1
ALT_CORE_B_MU_24_R1;"Prairie Prolifique";Rare;1
ALT_CORE_B_MU_25_R2;"Entraînement à la Méditation";Rare;2
ALT_CORE_B_MU_30_R2;"Le Fuseau, Bastion Muna";Rare;2
ALT_CORE_B_NE_FOILER_C;Foiler;Commun;60
ALT_CORE_B_NE_FOILER_R;Foiler;Rare;26
ALT_CORE_B_OR_02_C;"Waru & Mack";Commun;1
ALT_CORE_B_OR_04_R2;"Héraut de Papier";Rare;2
ALT_CORE_B_OR_04_U_2162;"Héraut de Papier";Unique;1
ALT_CORE_B_OR_05_R1;"Troupière Ordis";Rare;1
ALT_CORE_B_OR_05_R2;"Troupière Ordis";Rare;2
ALT_CORE_B_OR_05_U_2637;"Troupière Ordis";Unique;1
ALT_CORE_B_OR_06_R2;"Cadets Ordis";Rare;1
ALT_CORE_B_OR_07_U_2938;"Scribe Runique du Monolithe";Unique;1
ALT_CORE_B_OR_08_R2;"Légat du Monolithe";Rare;2
ALT_CORE_B_OR_08_U_1084;"Légat du Monolithe";Unique;1
ALT_CORE_B_OR_09_R2;"Le Roi-Grenouille";Rare;2
ALT_CORE_B_OR_10_R2;"Archiviste du Monolithe";Rare;2
ALT_CORE_B_OR_11_U_3341;Ozma;Unique;1
ALT_CORE_B_OR_12_R1;"Le Conseil";Rare;1
ALT_CORE_B_OR_12_R2;"Le Conseil";Rare;1
ALT_CORE_B_OR_14_R2;"Espionne Ordis";Rare;1
ALT_CORE_B_OR_14_U_7376;"Espionne Ordis";Unique;1
ALT_CORE_B_OR_16_R1;"Procuratrice Ordis";Rare;1
ALT_CORE_B_OR_16_R2;"Procuratrice Ordis";Rare;1
ALT_CORE_B_OR_18_R1;Quetzalcóatl;Rare;2
ALT_CORE_B_OR_18_U_4708;Quetzalcóatl;Unique;1
ALT_CORE_B_OR_19_R1;Issitoq;Rare;2
ALT_CORE_B_OR_19_U_453;Issitoq;Unique;1
ALT_CORE_B_OR_19_U_486;Issitoq;Unique;1
ALT_CORE_B_OR_19_U_502;Issitoq;Unique;1
ALT_CORE_B_OR_19_U_6243;Issitoq;Unique;1
ALT_CORE_B_OR_20_U_2673;Anubis;Unique;1
ALT_CORE_B_OR_21_R2;"Robin des Bois";Rare;2
ALT_CORE_B_OR_26_R1;"Ouvrez les Portes";Rare;1
ALT_CORE_B_OR_26_R2;"Ouvrez les Portes";Rare;1
ALT_CORE_B_OR_29_R1;"Grand Projet";Rare;1
ALT_CORE_B_OR_29_R2;"Grand Projet";Rare;1
ALT_CORE_B_YZ_05_R1;"Méduse Lunaire";Rare;2
ALT_CORE_B_YZ_06_C;"Fée des Dents";Commun;1
ALT_CORE_B_YZ_07_R1;"Mage-Danseur du Kadigir";Rare;1
ALT_CORE_B_YZ_07_U_3377;"Mage-Danseur du Kadigir";Unique;1
ALT_CORE_B_YZ_08_R1;"Augure Yzmir";Rare;2
ALT_CORE_B_YZ_08_R2;"Augure Yzmir";Rare;3
ALT_CORE_B_YZ_09_U_4744;"Dame du Lac";Unique;1
ALT_CORE_B_YZ_10_R1;Baku;Rare;3
ALT_CORE_B_YZ_10_R2;Baku;Rare;3
ALT_CORE_B_YZ_10_U_7324;Baku;Unique;1
ALT_CORE_B_YZ_12_R2;"Alchimiste du Kadigir";Rare;1
ALT_CORE_B_YZ_13_R1;Alice;Rare;4
ALT_CORE_B_YZ_13_U_7286;Alice;Unique;1
ALT_CORE_B_YZ_14_R2;Flamel;Rare;2
ALT_CORE_B_YZ_14_U_548;Flamel;Unique;1
ALT_CORE_B_YZ_15_R1;"Kuwat, le Dissident";Rare;1
ALT_CORE_B_YZ_16_R1;"Dorothy Gale";Rare;1
ALT_CORE_B_YZ_17_R1;"Le Kraken";Rare;1
ALT_CORE_B_YZ_17_U_7003;"Le Kraken";Unique;1
ALT_CORE_B_YZ_19_R1;"Entraînement Magique";Rare;2
ALT_CORE_B_YZ_19_R2;"Entraînement Magique";Rare;2
ALT_CORE_B_YZ_20_R1;"Don de Soi";Rare;1
ALT_CORE_B_YZ_21_C;Zou !;Commun;1
ALT_CORE_B_YZ_21_R1;Zou !;Rare;2
ALT_CORE_B_YZ_21_R2;Zou !;Rare;1
ALT_CORE_B_YZ_22_R1;Espionnage;Rare;2
ALT_CORE_B_YZ_23_R1;"Sceau de Conjuration";Rare;1
ALT_CORE_B_YZ_25_R1;"Petit Pas, Bond de Géant";Rare;1
ALT_CORE_B_YZ_27_R1;"Explosion Céleste";Rare;2
ALT_CORE_B_YZ_27_R2;"Explosion Céleste";Rare;1
ALT_CORE_B_YZ_29_R1;"Fragment d'Éther";Rare;3
ALT_CORE_B_YZ_30_R1;"Le Kadigir, Bastion Yzmir";Rare;1
ALT_CORE_P_AX_03_C;"Subhash & Marmo";Commun;3
ALT_CORE_P_LY_02_C;"Auraq & Kibble";Commun;1
ALT_CORE_P_MU_03_C;"Rin & Orchid";Commun;3
ALT_CORE_P_OR_02_C;"Waru & Mack";Commun;1
ALT_CORE_P_YZ_02_C;"Lindiwe & Maw";Commun;1
ALT_COREKS_B_AX_01_C;"Sierra & Oddball";Commun;10
ALT_COREKS_B_AX_02_C;"Treyst & Rossum";Commun;7
ALT_COREKS_B_AX_03_C;"Subhash & Marmo";Commun;11
ALT_COREKS_B_AX_04_C;"Élémentaire de Kélon";Commun;8
ALT_COREKS_B_AX_04_R1;"Élémentaire de Kélon";Rare;4
ALT_COREKS_B_AX_04_R2;"Élémentaire de Kélon";Rare;2
ALT_COREKS_B_AX_05_C;"Ingénieure de la Fonderie";Commun;7
ALT_COREKS_B_AX_05_R1;"Ingénieure de la Fonderie";Rare;3
ALT_COREKS_B_AX_06_C;Ogun;Commun;9
ALT_COREKS_B_AX_06_R1;Ogun;Rare;3
ALT_COREKS_B_AX_06_R2;Ogun;Rare;1
ALT_COREKS_B_AX_06_U_1099;Ogun;Unique;1
ALT_COREKS_B_AX_07_C;"Mécanicienne de la Fonderie";Commun;10
ALT_COREKS_B_AX_07_U_400;"Mécanicienne de la Fonderie";Unique;1
ALT_COREKS_B_AX_08_C;"Récupérateur Axiom";Commun;9
ALT_COREKS_B_AX_08_R1;"Récupérateur Axiom";Rare;2
ALT_COREKS_B_AX_08_R2;"Récupérateur Axiom";Rare;1
ALT_COREKS_B_AX_08_U_654;"Récupérateur Axiom";Unique;1
ALT_COREKS_B_AX_09_C;"Fée Clochette";Commun;7
ALT_COREKS_B_AX_09_R1;"Fée Clochette";Rare;3
ALT_COREKS_B_AX_09_R2;"Fée Clochette";Rare;3
ALT_COREKS_B_AX_10_C;"Jian, Superviseur d'Assemblage";Commun;9
ALT_COREKS_B_AX_10_R1;"Jian, Superviseur d'Assemblage";Rare;7
ALT_COREKS_B_AX_10_R2;"Jian, Superviseur d'Assemblage";Rare;1
ALT_COREKS_B_AX_11_C;"Amelia Earhart";Commun;8
ALT_COREKS_B_AX_11_R1;"Amelia Earhart";Rare;4
ALT_COREKS_B_AX_11_R2;"Amelia Earhart";Rare;1
ALT_COREKS_B_AX_11_U_5682;"Amelia Earhart";Unique;1
ALT_COREKS_B_AX_12_C;"Trois Petits Cochons";Commun;9
ALT_COREKS_B_AX_12_R1;"Trois Petits Cochons";Rare;3
ALT_COREKS_B_AX_12_U_4903;"Trois Petits Cochons";Unique;1
ALT_COREKS_B_AX_13_C;"Ada Lovelace";Commun;9
ALT_COREKS_B_AX_13_R1;"Ada Lovelace";Rare;3
ALT_COREKS_B_AX_13_R2;"Ada Lovelace";Rare;4
ALT_COREKS_B_AX_14_C;Coppélia;Commun;6
ALT_COREKS_B_AX_14_R1;Coppélia;Rare;1
ALT_COREKS_B_AX_14_R2;Coppélia;Rare;4
ALT_COREKS_B_AX_15_C;"Brouilleur Axiom";Commun;10
ALT_COREKS_B_AX_15_R1;"Brouilleur Axiom";Rare;3
ALT_COREKS_B_AX_15_R2;"Brouilleur Axiom";Rare;1
ALT_COREKS_B_AX_16_C;"Armurière de la Fonderie";Commun;9
ALT_COREKS_B_AX_16_R1;"Armurière de la Fonderie";Rare;3
ALT_COREKS_B_AX_17_C;"Dr Frankenstein";Commun;8
ALT_COREKS_B_AX_17_R1;"Dr Frankenstein";Rare;4
ALT_COREKS_B_AX_17_R2;"Dr Frankenstein";Rare;4
ALT_COREKS_B_AX_17_U_11;"Dr Frankenstein";Unique;1
ALT_COREKS_B_AX_18_C;Athéna;Commun;10
ALT_COREKS_B_AX_18_R1;Athéna;Rare;1
ALT_COREKS_B_AX_18_R2;Athéna;Rare;1
ALT_COREKS_B_AX_19_C;Ganesh;Commun;8
ALT_COREKS_B_AX_19_R1;Ganesh;Rare;4
ALT_COREKS_B_AX_20_C;Happé;Commun;10
ALT_COREKS_B_AX_20_R1;Happé;Rare;3
ALT_COREKS_B_AX_20_R2;Happé;Rare;3
ALT_COREKS_B_AX_21_C;Boum !;Commun;7
ALT_COREKS_B_AX_21_R1;Boum !;Rare;3
ALT_COREKS_B_AX_21_R2;Boum !;Rare;3
ALT_COREKS_B_AX_22_C;"Entraînement Mécanique";Commun;7
ALT_COREKS_B_AX_22_R1;"Entraînement Mécanique";Rare;2
ALT_COREKS_B_AX_23_C;"Décharge de Kélon";Commun;9
ALT_COREKS_B_AX_23_R1;"Décharge de Kélon";Rare;1
ALT_COREKS_B_AX_23_R2;"Décharge de Kélon";Rare;1
ALT_COREKS_B_AX_24_C;"Hub des Scarabots";Commun;9
ALT_COREKS_B_AX_24_R1;"Hub des Scarabots";Rare;1
ALT_COREKS_B_AX_25_C;"Recycleur Axiom";Commun;8
ALT_COREKS_B_AX_25_R1;"Recycleur Axiom";Rare;7
ALT_COREKS_B_AX_26_C;"Cylindre de Kélon";Commun;9
ALT_COREKS_B_AX_26_R1;"Cylindre de Kélon";Rare;2
ALT_COREKS_B_AX_26_R2;"Cylindre de Kélon";Rare;1
ALT_COREKS_B_AX_27_C;"Générateur Kélonique";Commun;7
ALT_COREKS_B_AX_27_R1;"Générateur Kélonique";Rare;4
ALT_COREKS_B_AX_27_R2;"Générateur Kélonique";Rare;1
ALT_COREKS_B_AX_28_C;"Brouilleur Blindé";Commun;8
ALT_COREKS_B_AX_28_R1;"Brouilleur Blindé";Rare;3
ALT_COREKS_B_AX_28_R2;"Brouilleur Blindé";Rare;1
ALT_COREKS_B_AX_29_C;"La Fonderie, Bastion Axiom";Commun;8
ALT_COREKS_B_AX_29_R1;"La Fonderie, Bastion Axiom";Rare;3
ALT_COREKS_B_AX_29_R2;"La Fonderie, Bastion Axiom";Rare;3
ALT_COREKS_B_AX_30_C;"Ruche des Scarabots";Commun;7
ALT_COREKS_B_AX_30_R1;"Ruche des Scarabots";Rare;3
ALT_COREKS_B_AX_30_R2;"Ruche des Scarabots";Rare;4
ALT_COREKS_B_BR_01_C;"Kojo & Booda";Commun;1
ALT_COREKS_B_BR_04_C;Ratatosk;Commun;3
ALT_COREKS_B_BR_04_R1;Ratatosk;Rare;1
ALT_COREKS_B_BR_04_R2;Ratatosk;Rare;1
ALT_COREKS_B_BR_05_C;Issun-bōshi;Commun;3
ALT_COREKS_B_BR_05_R1;Issun-bōshi;Rare;1
ALT_COREKS_B_BR_06_R1;"Petit Djinn";Rare;3
ALT_COREKS_B_BR_09_R1;"Aspirant de Havre";Rare;1
ALT_COREKS_B_BR_09_R2;"Aspirant de Havre";Rare;1
ALT_COREKS_B_BR_10_C;Red;Commun;3
ALT_COREKS_B_BR_10_R2;Red;Rare;3
ALT_COREKS_B_BR_11_C;Chiron;Commun;3
ALT_COREKS_B_BR_11_R1;Chiron;Rare;1
ALT_COREKS_B_BR_11_R2;Chiron;Rare;3
ALT_COREKS_B_BR_12_R1;"Hua Mulan";Rare;1
ALT_COREKS_B_BR_12_R2;"Hua Mulan";Rare;1
ALT_COREKS_B_BR_12_U_112;"Hua Mulan";Unique;1
ALT_COREKS_B_BR_12_U_530;"Hua Mulan";Unique;1
ALT_COREKS_B_BR_13_R2;Kappa;Rare;3
ALT_COREKS_B_BR_13_U_2889;Kappa;Unique;1
ALT_COREKS_B_BR_13_U_4664;Kappa;Unique;1
ALT_COREKS_B_BR_14_R2;"Avant-Garde Bravos";Rare;3
ALT_COREKS_B_BR_14_U_135;"Avant-Garde Bravos";Unique;1
ALT_COREKS_B_BR_15_C;"Videuse Bravos";Commun;3
ALT_COREKS_B_BR_15_R2;"Videuse Bravos";Rare;4
ALT_COREKS_B_BR_15_U_1847;"Videuse Bravos";Unique;1
ALT_COREKS_B_BR_15_U_2995;"Videuse Bravos";Unique;1
ALT_COREKS_B_BR_16_C;"Danseuse de Lames Bravos";Commun;3
ALT_COREKS_B_BR_16_R1;"Danseuse de Lames Bravos";Rare;3
ALT_COREKS_B_BR_16_R2;"Danseuse de Lames Bravos";Rare;1
ALT_COREKS_B_BR_17_C;"Guerrière de Havre";Commun;3
ALT_COREKS_B_BR_17_R2;"Guerrière de Havre";Rare;3
ALT_COREKS_B_BR_18_C;"Sun Wukong";Commun;3
ALT_COREKS_B_BR_18_R2;"Sun Wukong";Rare;2
ALT_COREKS_B_BR_18_U_2676;"Sun Wukong";Unique;1
ALT_COREKS_B_BR_19_C;"Puissant Djinn";Commun;3
ALT_COREKS_B_BR_19_R1;"Puissant Djinn";Rare;3
ALT_COREKS_B_BR_19_R2;"Puissant Djinn";Rare;3
ALT_COREKS_B_BR_19_U_1723;"Puissant Jinn";Unique;1
ALT_COREKS_B_BR_20_R1;Atlas;Rare;3
ALT_COREKS_B_BR_20_R2;Atlas;Rare;1
ALT_COREKS_B_BR_20_U_1115;Atlas;Unique;1
ALT_COREKS_B_BR_21_R1;Achille;Rare;1
ALT_COREKS_B_BR_21_U_180;Achille;Unique;1
ALT_COREKS_B_BR_23_C;"Tomoe Gozen";Commun;3
ALT_COREKS_B_BR_23_R1;"Tomoe Gozen";Rare;1
ALT_COREKS_B_BR_23_R2;"Tomoe Gozen";Rare;3
ALT_COREKS_B_BR_23_U_424;"Tomoe Gozen";Unique;1
ALT_COREKS_B_BR_24_C;"Kaibara, Léviathan Asgarthi";Commun;3
ALT_COREKS_B_BR_24_R1;"Kaibara, Léviathan Asgarthi";Rare;3
ALT_COREKS_B_BR_24_R2;"Kaibara, Léviathan Asgarthi";Rare;3
ALT_COREKS_B_BR_24_U_1888;"Kaibara, Léviathan Asgarthi";Unique;1
ALT_COREKS_B_BR_25_C;"Main Tendue";Commun;3
ALT_COREKS_B_BR_25_R1;"Main Tendue";Rare;1
ALT_COREKS_B_BR_25_R2;"Main Tendue";Rare;3
ALT_COREKS_B_BR_26_R1;"Entraînement Physique";Rare;3
ALT_COREKS_B_BR_27_C;"Canalisation de Mana";Commun;3
ALT_COREKS_B_BR_27_R1;"Canalisation de Mana";Rare;1
ALT_COREKS_B_BR_27_R2;"Canalisation de Mana";Rare;1
ALT_COREKS_B_BR_28_C;Intimidation;Commun;3
ALT_COREKS_B_BR_28_R2;Intimidation;Rare;2
ALT_COREKS_B_BR_29_C;"Éruption de Mana";Commun;3
ALT_COREKS_B_BR_29_R1;"Éruption de Mana";Rare;1
ALT_COREKS_B_BR_30_C;"Havre, Bastion Bravos";Commun;3
ALT_COREKS_B_BR_30_R2;"Havre, Bastion Bravos";Rare;3
ALT_COREKS_B_LY_01_C;"Nevenka & Blotch";Commun;7
ALT_COREKS_B_LY_02_C;"Auraq & Kibble";Commun;8
ALT_COREKS_B_LY_03_C;"Fen & Crowbar";Commun;10
ALT_COREKS_B_LY_04_C;Martengale;Commun;4
ALT_COREKS_B_LY_04_R1;Martengale;Rare;3
ALT_COREKS_B_LY_04_R2;Martengale;Rare;2
ALT_COREKS_B_LY_05_C;"Comédien Lyra";Commun;6
ALT_COREKS_B_LY_05_R1;"Comédien Lyra";Rare;3
ALT_COREKS_B_LY_05_R2;"Comédien Lyra";Rare;1
ALT_COREKS_B_LY_06_C;"Prestidigitatrice de l'Ouroboros";Commun;6
ALT_COREKS_B_LY_06_R1;"Prestidigitatrice de l'Ouroboros";Rare;2
ALT_COREKS_B_LY_07_C;Hathor;Commun;7
ALT_COREKS_B_LY_07_R1;Hathor;Rare;3
ALT_COREKS_B_LY_07_R2;Hathor;Rare;3
ALT_COREKS_B_LY_07_U_376;Hathor;Unique;1
ALT_COREKS_B_LY_08_C;"Skald Lyra";Commun;7
ALT_COREKS_B_LY_08_R1;"Skald Lyra";Rare;3
ALT_COREKS_B_LY_08_R2;"Skald Lyra";Rare;2
ALT_COREKS_B_LY_09_C;Tanuki;Commun;3
ALT_COREKS_B_LY_10_C;"Encrière de l'Ouroboros";Commun;3
ALT_COREKS_B_LY_10_R1;"Encrière de l'Ouroboros";Rare;3
ALT_COREKS_B_LY_10_R2;"Encrière de l'Ouroboros";Rare;3
ALT_COREKS_B_LY_11_C;Esmeralda;Commun;3
ALT_COREKS_B_LY_11_R1;Esmeralda;Rare;2
ALT_COREKS_B_LY_12_C;"Navigatrice Lyra";Commun;7
ALT_COREKS_B_LY_12_R1;"Navigatrice Lyra";Rare;2
ALT_COREKS_B_LY_12_R2;"Navigatrice Lyra";Rare;1
ALT_COREKS_B_LY_13_C;Anansi;Commun;7
ALT_COREKS_B_LY_13_R1;Anansi;Rare;2
ALT_COREKS_B_LY_13_R2;Anansi;Rare;3
ALT_COREKS_B_LY_14_C;"Danseuse d'Étoffe Lyra";Commun;5
ALT_COREKS_B_LY_14_R1;"Danseuse d'Étoffe Lyra";Rare;2
ALT_COREKS_B_LY_14_R2;"Danseuse d'Étoffe Lyra";Rare;1
ALT_COREKS_B_LY_15_C;"Le Marchand de Sable";Commun;6
ALT_COREKS_B_LY_15_R1;"Le Marchand de Sable";Rare;3
ALT_COREKS_B_LY_15_R2;"Le Marchand de Sable";Rare;1
ALT_COREKS_B_LY_16_C;"Chroniqueuse Lyra";Commun;7
ALT_COREKS_B_LY_16_R1;"Chroniqueuse Lyra";Rare;2
ALT_COREKS_B_LY_16_R2;"Chroniqueuse Lyra";Rare;4
ALT_COREKS_B_LY_17_C;"Croupière de l'Ouroboros";Commun;5
ALT_COREKS_B_LY_17_R1;"Croupière de l'Ouroboros";Rare;3
ALT_COREKS_B_LY_17_R2;"Croupière de l'Ouroboros";Rare;3
ALT_COREKS_B_LY_17_U_820;"Croupière de l'Ouroboros";Unique;1
ALT_COREKS_B_LY_18_C;"Le Chapelier";Commun;6
ALT_COREKS_B_LY_18_R1;"Le Chapelier";Rare;5
ALT_COREKS_B_LY_19_C;"Amahle, Paria Asgarthi";Commun;7
ALT_COREKS_B_LY_19_R1;"Amahle, Paria Asgarthi";Rare;4
ALT_COREKS_B_LY_19_R2;"Amahle, Paria Asgarthi";Rare;1
ALT_COREKS_B_LY_20_C;Asmodée;Commun;4
ALT_COREKS_B_LY_20_R1;Asmodée;Rare;2
ALT_COREKS_B_LY_20_R2;Asmodée;Rare;1
ALT_COREKS_B_LY_21_C;Loki;Commun;5
ALT_COREKS_B_LY_21_R1;Loki;Rare;3
ALT_COREKS_B_LY_21_R2;Loki;Rare;1
ALT_COREKS_B_LY_21_U_1240;Loki;Unique;1
ALT_COREKS_B_LY_21_U_340;Loki;Unique;1
ALT_COREKS_B_LY_22_C;"Entraînement A Cappella";Commun;4
ALT_COREKS_B_LY_22_R1;"Entraînement A Cappella";Rare;1
ALT_COREKS_B_LY_22_R2;"Entraînement A Cappella";Rare;1
ALT_COREKS_B_LY_23_C;"Meunier, Tu Dors";Commun;5
ALT_COREKS_B_LY_23_R1;"Meunier, Tu Dors";Rare;1
ALT_COREKS_B_LY_23_R2;"Meunier, Tu Dors";Rare;1
ALT_COREKS_B_LY_24_C;"Cocon d'Étoffe";Commun;5
ALT_COREKS_B_LY_24_R1;"Cocon d'Étoffe";Rare;3
ALT_COREKS_B_LY_25_C;Tapis !;Commun;7
ALT_COREKS_B_LY_25_R1;Tapis !;Rare;2
ALT_COREKS_B_LY_25_R2;Tapis !;Rare;1
ALT_COREKS_B_LY_26_C;"Prison de Peinture";Commun;7
ALT_COREKS_B_LY_26_R1;"Prison de Peinture";Rare;3
ALT_COREKS_B_LY_26_R2;"Prison de Peinture";Rare;1
ALT_COREKS_B_LY_27_C;"Apothéose de l'Esprit";Commun;8
ALT_COREKS_B_LY_27_R1;"Apothéose de l'Esprit";Rare;2
ALT_COREKS_B_LY_27_R2;"Apothéose de l'Esprit";Rare;1
ALT_COREKS_B_LY_28_C;"Franchir le Bifröst";Commun;7
ALT_COREKS_B_LY_28_R1;"Franchir le Bifröst";Rare;5
ALT_COREKS_B_LY_28_R2;"Franchir le Bifröst";Rare;2
ALT_COREKS_B_LY_29_C;"Festival Lyra";Commun;8
ALT_COREKS_B_LY_29_R1;"Festival Lyra";Rare;3
ALT_COREKS_B_LY_30_C;"L'Ouroboros, Bastion Lyra";Commun;8
ALT_COREKS_B_LY_30_R1;"L'Ouroboros, Bastion Lyra";Rare;1
ALT_COREKS_B_LY_30_R2;"L'Ouroboros, Bastion Lyra";Rare;1
ALT_COREKS_B_MU_04_R1;"Soigneuse Muna";Rare;3
ALT_COREKS_B_MU_04_R2;"Soigneuse Muna";Rare;3
ALT_COREKS_B_MU_05_R1;Kitsune;Rare;2
ALT_COREKS_B_MU_05_R2;Kitsune;Rare;1
ALT_COREKS_B_MU_06_C;"Vendangeurs du Fuseau";Commun;3
ALT_COREKS_B_MU_06_R2;"Vendangeurs du Fuseau";Rare;1
ALT_COREKS_B_MU_06_U_3945;"Vendangeurs du Fuseau";Unique;1
ALT_COREKS_B_MU_07_R2;Mowgli;Rare;1
ALT_COREKS_B_MU_07_U_4279;Mowgli;Unique;1
ALT_COREKS_B_MU_08_R2;"Champignon Éternueur";Rare;3
ALT_COREKS_B_MU_09_C;Kodama;Commun;3
ALT_COREKS_B_MU_09_R2;Kodama;Rare;3
ALT_COREKS_B_MU_10_R2;"Yong-Su, Tisserand Verdoyant";Rare;4
ALT_COREKS_B_MU_11_R2;Inari;Rare;3
ALT_COREKS_B_MU_11_U_3573;Inari;Unique;1
ALT_COREKS_B_MU_12_R2;"Fille d'Yggdrasil";Rare;2
ALT_COREKS_B_MU_13_R1;"Druide Muna";Rare;1
ALT_COREKS_B_MU_13_R2;"Druide Muna";Rare;3
ALT_COREKS_B_MU_14_R2;Cernunnos;Rare;4
ALT_COREKS_B_MU_14_U_4859;Cernunnos;Unique;1
ALT_COREKS_B_MU_15_R2;Dracaena;Rare;1
ALT_COREKS_B_MU_15_U_2334;Dracaena;Unique;1
ALT_COREKS_B_MU_16_R1;"Aloe Vera";Rare;1
ALT_COREKS_B_MU_16_R2;"Aloe Vera";Rare;3
ALT_COREKS_B_MU_17_R2;Aja;Rare;1
ALT_COREKS_B_MU_17_U_2213;Aja;Unique;1
ALT_COREKS_B_MU_18_R2;Parvati;Rare;1
ALT_COREKS_B_MU_19_R1;Vertéchine;Rare;1
ALT_COREKS_B_MU_19_R2;Vertéchine;Rare;1
ALT_COREKS_B_MU_20_R1;"Pignon Pugnace";Rare;1
ALT_COREKS_B_MU_20_R2;"Pignon Pugnace";Rare;2
ALT_COREKS_B_MU_20_U_1754;"Pignon Pugnace";Unique;1
ALT_COREKS_B_MU_20_U_2182;"Pignon Pugnace";Unique;1
ALT_COREKS_B_MU_21_C;"Fils d'Yggdrasil";Commun;3
ALT_COREKS_B_MU_21_R1;"Fils d'Yggdrasil";Rare;1
ALT_COREKS_B_MU_21_U_657;"Fils d'Yggdrasil";Unique;1
ALT_COREKS_B_MU_22_R2;Hydracaena;Rare;3
ALT_COREKS_B_MU_23_R1;"Marchand Muna";Rare;1
ALT_COREKS_B_MU_23_R2;"Marchand Muna";Rare;3
ALT_COREKS_B_MU_23_U_2279;"Marchand Muna";Unique;1
ALT_COREKS_B_MU_24_R1;"Prairie Prolifique";Rare;1
ALT_COREKS_B_MU_24_R2;"Prairie Prolifique";Rare;3
ALT_COREKS_B_MU_25_R2;"Entraînement à la Méditation";Rare;1
ALT_COREKS_B_MU_27_R1;Abreuver;Rare;1
ALT_COREKS_B_MU_28_C;"Sommeil Réparateur";Commun;3
ALT_COREKS_B_MU_28_R1;"Sommeil Réparateur";Rare;1
ALT_COREKS_B_MU_28_R2;"Sommeil Réparateur";Rare;3
ALT_COREKS_B_MU_29_R2;Récolter;Rare;1
ALT_COREKS_B_NE_FOILER_C;Foiler;Commun;126
ALT_COREKS_B_OR_01_C;"Sigismar & Wingspan";Commun;1
ALT_COREKS_B_OR_04_R2;"Héraut de Papier";Rare;3
ALT_COREKS_B_OR_05_R1;"Troupière Ordis";Rare;1
ALT_COREKS_B_OR_05_U_696;"Troupière Ordis";Unique;1
ALT_COREKS_B_OR_06_R1;"Cadets Ordis";Rare;1
ALT_COREKS_B_OR_06_R2;"Cadets Ordis";Rare;2
ALT_COREKS_B_OR_07_R2;"Scribe Runique du Monolithe";Rare;6
ALT_COREKS_B_OR_08_R1;"Légat du Monolithe";Rare;1
ALT_COREKS_B_OR_08_R2;"Légat du Monolithe";Rare;1
ALT_COREKS_B_OR_08_U_3704;"Légat du Monolithe";Unique;1
ALT_COREKS_B_OR_09_R1;"Le Roi-Grenouille";Rare;1
ALT_COREKS_B_OR_09_R2;"Le Roi-Grenouille";Rare;1
ALT_COREKS_B_OR_09_U_185;"Le Roi-Grenouille";Unique;1
ALT_COREKS_B_OR_09_U_3136;"Le Roi-Grenouille";Unique;1
ALT_COREKS_B_OR_10_R2;"Archiviste du Monolithe";Rare;5
ALT_COREKS_B_OR_11_C;Ozma;Commun;4
ALT_COREKS_B_OR_11_R1;Ozma;Rare;1
ALT_COREKS_B_OR_11_R2;Ozma;Rare;1
ALT_COREKS_B_OR_11_U_162;Ozma;Unique;1
ALT_COREKS_B_OR_11_U_276;Ozma;Unique;1
ALT_COREKS_B_OR_12_R1;"Le Conseil";Rare;2
ALT_COREKS_B_OR_12_R2;"Le Conseil";Rare;1
ALT_COREKS_B_OR_13_R1;"Gardienne Ordis";Rare;1
ALT_COREKS_B_OR_14_R2;"Espionne Ordis";Rare;2
ALT_COREKS_B_OR_15_R1;"Kakoba, Commandant de Légion";Rare;1
ALT_COREKS_B_OR_16_R1;"Procuratrice Ordis";Rare;3
ALT_COREKS_B_OR_16_R2;"Procuratrice Ordis";Rare;1
ALT_COREKS_B_OR_17_R2;"Jeanne d'Arc";Rare;4
ALT_COREKS_B_OR_18_R1;Quetzalcóatl;Rare;2
ALT_COREKS_B_OR_18_R2;Quetzalcóatl;Rare;1
ALT_COREKS_B_OR_18_U_1301;Quetzalcóatl;Unique;1
ALT_COREKS_B_OR_19_C;Issitoq;Commun;6
ALT_COREKS_B_OR_19_R1;Issitoq;Rare;1
ALT_COREKS_B_OR_19_R2;Issitoq;Rare;2
ALT_COREKS_B_OR_19_U_861;Issitoq;Unique;1
ALT_COREKS_B_OR_20_R1;Anubis;Rare;1
ALT_COREKS_B_OR_20_R2;Anubis;Rare;3
ALT_COREKS_B_OR_21_R1;"Robin des Bois";Rare;2
ALT_COREKS_B_OR_21_U_5074;"Robin des Bois";Unique;1
ALT_COREKS_B_OR_22_R1;Thot;Rare;1
ALT_COREKS_B_OR_22_R2;Thot;Rare;4
ALT_COREKS_B_OR_22_U_3142;Thot;Unique;1
ALT_COREKS_B_OR_22_U_4788;Thot;Unique;1
ALT_COREKS_B_OR_22_U_5219;Thot;Unique;1
ALT_COREKS_B_OR_23_R1;Chargez !;Rare;1
ALT_COREKS_B_OR_23_R2;Chargez !;Rare;1
ALT_COREKS_B_OR_24_C;"Entraînement à l'Esprit d'Équipe";Commun;3
ALT_COREKS_B_OR_24_R1;"Entraînement à l'Esprit d'Équipe";Rare;1
ALT_COREKS_B_OR_24_R2;"Entraînement à l'Esprit d'Équipe";Rare;4
ALT_COREKS_B_OR_25_R2;"Sceaux Adhésifs";Rare;5
ALT_COREKS_B_OR_26_R2;"Ouvrez les Portes";Rare;2
ALT_COREKS_B_OR_27_R1;"Jour de Célébration";Rare;1
ALT_COREKS_B_OR_27_R2;"Jour de Célébration";Rare;3
ALT_COREKS_B_OR_28_R1;"Le Monolithe, Bastion Ordis";Rare;1
ALT_COREKS_B_OR_28_R2;"Le Monolithe, Bastion Ordis";Rare;1
ALT_COREKS_B_OR_29_R2;"Grand Projet";Rare;2
ALT_COREKS_B_OR_30_R2;"Transporteur Ordis";Rare;3
ALT_COREKS_B_YZ_01_C;"Akesha & Taru";Commun;9
ALT_COREKS_B_YZ_02_C;"Lindiwe & Maw";Commun;9
ALT_COREKS_B_YZ_03_C;"Afanas & Senka";Commun;9
ALT_COREKS_B_YZ_04_C;"Disciple Studieux";Commun;5
ALT_COREKS_B_YZ_04_R1;"Disciple Studieux";Rare;3
ALT_COREKS_B_YZ_04_R2;"Disciple Studieux";Rare;3
ALT_COREKS_B_YZ_05_C;"Méduse Lunaire";Commun;6
ALT_COREKS_B_YZ_05_R1;"Méduse Lunaire";Rare;3
ALT_COREKS_B_YZ_05_R2;"Méduse Lunaire";Rare;3
ALT_COREKS_B_YZ_05_U_1478;"Méduse Lunaire";Unique;1
ALT_COREKS_B_YZ_06_C;"Fée des Dents";Commun;2
ALT_COREKS_B_YZ_06_R1;"Fée des Dents";Rare;3
ALT_COREKS_B_YZ_06_R2;"Fée des Dents";Rare;1
ALT_COREKS_B_YZ_07_C;"Mage-Danseur du Kadigir";Commun;6
ALT_COREKS_B_YZ_07_R1;"Mage-Danseur du Kadigir";Rare;3
ALT_COREKS_B_YZ_07_R2;"Mage-Danseur du Kadigir";Rare;3
ALT_COREKS_B_YZ_08_C;"Augure Yzmir";Commun;9
ALT_COREKS_B_YZ_08_R1;"Augure Yzmir";Rare;1
ALT_COREKS_B_YZ_08_R2;"Augure Yzmir";Rare;2
ALT_COREKS_B_YZ_09_C;"Dame du Lac";Commun;7
ALT_COREKS_B_YZ_09_R1;"Dame du Lac";Rare;3
ALT_COREKS_B_YZ_10_C;Baku;Commun;8
ALT_COREKS_B_YZ_10_R2;Baku;Rare;2
ALT_COREKS_B_YZ_11_C;"Baba Yaga";Commun;6
ALT_COREKS_B_YZ_11_R1;"Baba Yaga";Rare;3
ALT_COREKS_B_YZ_11_R2;"Baba Yaga";Rare;1
ALT_COREKS_B_YZ_12_C;"Alchimiste du Kadigir";Commun;6
ALT_COREKS_B_YZ_12_R1;"Alchimiste du Kadigir";Rare;3
ALT_COREKS_B_YZ_12_R2;"Alchimiste du Kadigir";Rare;1
ALT_COREKS_B_YZ_12_U_2759;"Alchimiste du Kadigir";Unique;1
ALT_COREKS_B_YZ_13_C;Alice;Commun;7
ALT_COREKS_B_YZ_13_R1;Alice;Rare;2
ALT_COREKS_B_YZ_13_R2;Alice;Rare;3
ALT_COREKS_B_YZ_14_C;Flamel;Commun;8
ALT_COREKS_B_YZ_14_R1;Flamel;Rare;4
ALT_COREKS_B_YZ_14_R2;Flamel;Rare;1
ALT_COREKS_B_YZ_15_C;"Kuwat, le Dissident";Commun;7
ALT_COREKS_B_YZ_15_R1;"Kuwat, le Dissident";Rare;2
ALT_COREKS_B_YZ_15_R2;"Kuwat, le Dissident";Rare;1
ALT_COREKS_B_YZ_16_C;"Dorothy Gale";Commun;8
ALT_COREKS_B_YZ_16_R1;"Dorothy Gale";Rare;4
ALT_COREKS_B_YZ_16_R2;"Dorothy Gale";Rare;1
ALT_COREKS_B_YZ_17_C;"Le Kraken";Commun;5
ALT_COREKS_B_YZ_17_R1;"Le Kraken";Rare;3
ALT_COREKS_B_YZ_17_R2;"Le Kraken";Rare;1
ALT_COREKS_B_YZ_18_C;Sakarabru;Commun;8
ALT_COREKS_B_YZ_18_R1;Sakarabru;Rare;4
ALT_COREKS_B_YZ_18_R2;Sakarabru;Rare;3
ALT_COREKS_B_YZ_19_C;"Entraînement Magique";Commun;4
ALT_COREKS_B_YZ_19_R1;"Entraînement Magique";Rare;1
ALT_COREKS_B_YZ_19_R2;"Entraînement Magique";Rare;3
ALT_COREKS_B_YZ_20_C;"Don de Soi";Commun;4
ALT_COREKS_B_YZ_20_R1;"Don de Soi";Rare;2
ALT_COREKS_B_YZ_20_R2;"Don de Soi";Rare;1
ALT_COREKS_B_YZ_21_C;Zou !;Commun;4
ALT_COREKS_B_YZ_21_R1;Zou !;Rare;1
ALT_COREKS_B_YZ_21_R2;Zou !;Rare;3
ALT_COREKS_B_YZ_22_C;Espionnage;Commun;5
ALT_COREKS_B_YZ_22_R1;Espionnage;Rare;1
ALT_COREKS_B_YZ_22_R2;Espionnage;Rare;3
ALT_COREKS_B_YZ_23_C;"Sceau de Conjuration";Commun;8
ALT_COREKS_B_YZ_23_R1;"Sceau de Conjuration";Rare;3
ALT_COREKS_B_YZ_23_R2;"Sceau de Conjuration";Rare;1
ALT_COREKS_B_YZ_24_C;"Portail de Bannissement";Commun;5
ALT_COREKS_B_YZ_24_R1;"Portail de Bannissement";Rare;4
ALT_COREKS_B_YZ_24_R2;"Portail de Bannissement";Rare;1
ALT_COREKS_B_YZ_25_C;"Petit Pas, Bond de Géant";Commun;4
ALT_COREKS_B_YZ_25_R1;"Petit Pas, Bond de Géant";Rare;2
ALT_COREKS_B_YZ_25_R2;"Petit Pas, Bond de Géant";Rare;4
ALT_COREKS_B_YZ_26_C;"Furie du Kraken";Commun;4
ALT_COREKS_B_YZ_26_R1;"Furie du Kraken";Rare;3
ALT_COREKS_B_YZ_26_R2;"Furie du Kraken";Rare;3
ALT_COREKS_B_YZ_27_C;"Explosion Céleste";Commun;7
ALT_COREKS_B_YZ_27_R2;"Explosion Céleste";Rare;1
ALT_COREKS_B_YZ_28_C;"L'Isba de Baba";Commun;3
ALT_COREKS_B_YZ_28_R1;"L'Isba de Baba";Rare;4
ALT_COREKS_B_YZ_29_C;"Fragment d'Éther";Commun;9
ALT_COREKS_B_YZ_29_R2;"Fragment d'Éther";Rare;3
ALT_COREKS_B_YZ_30_C;"Le Kadigir, Bastion Yzmir";Commun;9
ALT_COREKS_B_YZ_30_R1;"Le Kadigir, Bastion Yzmir";Rare;1
ALT_COREKS_B_YZ_30_R2;"Le Kadigir, Bastion Yzmir";Rare;3
ALT_CYCLONE_A_AX_74_C;"Lucan, Léviathan Affamé";Commun;2
ALT_CYCLONE_A_AX_74_R1;"Lucan, Léviathan Affamé";Rare;3
ALT_CYCLONE_A_AX_74_R2;"Lucan, Léviathan Affamé";Rare;2
ALT_CYCLONE_A_AX_76_C;"Sceau Axiom";Commun;3
ALT_CYCLONE_A_AX_76_R1;"Sceau Axiom";Rare;2
ALT_CYCLONE_A_BR_77_C;"Halua, Léviathan Déchaîné";Commun;1
ALT_CYCLONE_A_BR_77_R2;"Halua, Léviathan Déchaîné";Rare;1
ALT_CYCLONE_A_LY_74_C;"Koï, Léviathan Espiègle";Commun;2
ALT_CYCLONE_A_LY_74_R1;"Koï, Léviathan Espiègle";Rare;2
ALT_CYCLONE_A_LY_74_R2;"Koï, Léviathan Espiègle";Rare;2
ALT_CYCLONE_A_LY_78_C;"Sceau Lyra";Commun;3
ALT_CYCLONE_A_LY_78_R1;"Sceau Lyra";Rare;2
ALT_CYCLONE_A_LY_78_R2;"Sceau Lyra";Rare;2
ALT_CYCLONE_A_OR_74_C;"Sagitta, Léviathan Céleste";Commun;6
ALT_CYCLONE_A_OR_74_R1;"Sagitta, Léviathan Céleste";Rare;2
ALT_CYCLONE_A_OR_74_R2;"Sagitta, Léviathan Céleste";Rare;1
ALT_CYCLONE_A_YZ_73_C;"Alelo, Léviathan Énigmatique";Commun;2
ALT_CYCLONE_A_YZ_73_R1;"Alelo, Léviathan Énigmatique";Rare;1
ALT_CYCLONE_A_YZ_76_C;"Sceau Yzmir";Commun;1
ALT_CYCLONE_B_AX_31_C;Scarabot;Commun;3
ALT_CYCLONE_B_AX_65_C;"Isaree & Pebble";Commun;12
ALT_CYCLONE_B_AX_66_C;Gavroche;Commun;7
ALT_CYCLONE_B_AX_66_R1;Gavroche;Rare;3
ALT_CYCLONE_B_AX_66_R2;Gavroche;Rare;6
ALT_CYCLONE_B_AX_67_C;"Expert en Démolition";Commun;6
ALT_CYCLONE_B_AX_67_R1;"Expert en Démolition";Rare;3
ALT_CYCLONE_B_AX_67_R2;"Expert en Démolition";Rare;5
ALT_CYCLONE_B_AX_68_C;"Bessie Coleman";Commun;7
ALT_CYCLONE_B_AX_68_R1;"Bessie Coleman";Rare;3
ALT_CYCLONE_B_AX_68_R2;"Bessie Coleman";Rare;4
ALT_CYCLONE_B_AX_68_U_5433;"Bessie Coleman";Unique;1
ALT_CYCLONE_B_AX_69_C;"FarFetch 2.0";Commun;7
ALT_CYCLONE_B_AX_69_R1;"FarFetch 2.0";Rare;3
ALT_CYCLONE_B_AX_69_R2;"FarFetch 2.0";Rare;3
ALT_CYCLONE_B_AX_70_C;"Paju, Pilote Axiom";Commun;6
ALT_CYCLONE_B_AX_70_R1;"Paju, Pilote Axiom";Rare;4
ALT_CYCLONE_B_AX_70_R2;"Paju, Pilote Axiom";Rare;5
ALT_CYCLONE_B_AX_71_C;Méduse;Commun;8
ALT_CYCLONE_B_AX_71_R1;Méduse;Rare;5
ALT_CYCLONE_B_AX_71_R2;Méduse;Rare;6
ALT_CYCLONE_B_AX_71_U_5402;Méduse;Unique;1
ALT_CYCLONE_B_AX_72_C;"Marionnettiste Axiom";Commun;7
ALT_CYCLONE_B_AX_72_R1;"Marionnettiste Axiom";Rare;4
ALT_CYCLONE_B_AX_72_R2;"Marionnettiste Axiom";Rare;4
ALT_CYCLONE_B_AX_72_U_3888;"Marionnettiste Axiom";Unique;1
ALT_CYCLONE_B_AX_72_U_9751;"Marionnettiste Axiom";Unique;1
ALT_CYCLONE_B_AX_73_C;"Marie Curie";Commun;8
ALT_CYCLONE_B_AX_73_R1;"Marie Curie";Rare;5
ALT_CYCLONE_B_AX_73_R2;"Marie Curie";Rare;3
ALT_CYCLONE_B_AX_74_C;"Lucan, Léviathan Affamé";Commun;8
ALT_CYCLONE_B_AX_74_R1;"Lucan, Léviathan Affamé";Rare;4
ALT_CYCLONE_B_AX_74_R2;"Lucan, Léviathan Affamé";Rare;6
ALT_CYCLONE_B_AX_74_U_5083;"Lucan, Léviathan Affamé";Unique;1
ALT_CYCLONE_B_AX_74_U_7195;"Lucan, Léviathan Affamé";Unique;1
ALT_CYCLONE_B_AX_74_U_9769;"Lucan, Hungry Leviathan";Unique;1
ALT_CYCLONE_B_AX_75_C;Détonation;Commun;8
ALT_CYCLONE_B_AX_75_R1;Détonation;Rare;5
ALT_CYCLONE_B_AX_75_R2;Détonation;Rare;6
ALT_CYCLONE_B_AX_76_C;"Sceau Axiom";Commun;7
ALT_CYCLONE_B_AX_76_R1;"Sceau Axiom";Rare;3
ALT_CYCLONE_B_AX_76_R2;"Sceau Axiom";Rare;3
ALT_CYCLONE_B_AX_77_C;"Récif d'Aérolithe";Commun;6
ALT_CYCLONE_B_AX_77_R1;"Récif d'Aérolithe";Rare;4
ALT_CYCLONE_B_AX_77_R2;"Récif d'Aérolithe";Rare;3
ALT_CYCLONE_B_AX_78_C;"Couveuse des Scarabots";Commun;6
ALT_CYCLONE_B_AX_78_R1;"Couveuse des Scarabots";Rare;4
ALT_CYCLONE_B_AX_78_R2;"Couveuse des Scarabots";Rare;4
ALT_CYCLONE_B_AX_79_C;"Dépôt Abandonné";Commun;6
ALT_CYCLONE_B_AX_79_R1;"Dépôt Abandonné";Rare;3
ALT_CYCLONE_B_AX_79_R2;"Dépôt Abandonné";Rare;5
ALT_CYCLONE_B_AX_80_C;"Navette des Scarabots";Commun;8
ALT_CYCLONE_B_AX_80_R1;"Navette des Scarabots";Rare;3
ALT_CYCLONE_B_AX_80_R2;"Navette des Scarabots";Rare;3
ALT_CYCLONE_B_AX_81_C;"Station de Réapprovisionnement";Commun;7
ALT_CYCLONE_B_AX_81_R1;"Station de Réapprovisionnement";Rare;2
ALT_CYCLONE_B_AX_81_R2;"Station de Réapprovisionnement";Rare;3
ALT_CYCLONE_B_AX_82_C;"Carrière d'Aérolithe";Commun;6
ALT_CYCLONE_B_AX_82_R1;"Carrière d'Aérolithe";Rare;4
ALT_CYCLONE_B_AX_82_R2;"Carrière d'Aérolithe";Rare;5
ALT_CYCLONE_B_BR_65_C;"Sol & Halua";Commun;13
ALT_CYCLONE_B_BR_66_C;"Grenouille Bondissante";Commun;8
ALT_CYCLONE_B_BR_66_R1;"Grenouille Bondissante";Rare;5
ALT_CYCLONE_B_BR_66_R2;"Grenouille Bondissante";Rare;4
ALT_CYCLONE_B_BR_66_U_7214;"Grenouille Bondissante";Unique;1
ALT_CYCLONE_B_BR_66_U_7341;"Grenouille Bondissante";Unique;1
ALT_CYCLONE_B_BR_66_U_7508;"Grenouille Bondissante";Unique;1
ALT_CYCLONE_B_BR_66_U_7550;"Grenouille Bondissante";Unique;1
ALT_CYCLONE_B_BR_66_U_7581;"Grenouille Bondissante";Unique;1
ALT_CYCLONE_B_BR_66_U_7622;"Grenouille Bondissante";Unique;1
ALT_CYCLONE_B_BR_67_C;"Partenaire d'Altrun";Commun;5
ALT_CYCLONE_B_BR_67_R1;"Partenaire d'Altrun";Rare;3
ALT_CYCLONE_B_BR_67_R2;"Partenaire d'Altrun";Rare;5
ALT_CYCLONE_B_BR_67_U_7305;"Partenaire d'Altrun";Unique;1
ALT_CYCLONE_B_BR_67_U_7432;"Partenaire d'Altrun";Unique;1
ALT_CYCLONE_B_BR_67_U_7648;"Partenaire d'Altrun";Unique;1
ALT_CYCLONE_B_BR_67_U_9944;"Partenaire d'Altrun";Unique;1
ALT_CYCLONE_B_BR_68_C;"Djinn Ardent";Commun;7
ALT_CYCLONE_B_BR_68_R1;"Djinn Ardent";Rare;3
ALT_CYCLONE_B_BR_68_R2;"Djinn Ardent";Rare;3
ALT_CYCLONE_B_BR_68_U_7417;"Djinn Ardent";Unique;1
ALT_CYCLONE_B_BR_68_U_7442;"Djinn Ardent";Unique;1
ALT_CYCLONE_B_BR_68_U_7647;"Djinn Ardent";Unique;1
ALT_CYCLONE_B_BR_69_C;"Guetteur de Léviathans";Commun;8
ALT_CYCLONE_B_BR_69_R1;"Guetteur de Léviathans";Rare;3
ALT_CYCLONE_B_BR_69_R2;"Guetteur de Léviathans";Rare;5
ALT_CYCLONE_B_BR_69_U_7208;"Guetteur de Léviathans";Unique;1
ALT_CYCLONE_B_BR_69_U_7336;"Guetteur de Léviathans";Unique;1
ALT_CYCLONE_B_BR_69_U_7389;"Guetteur de Léviathans";Unique;1
ALT_CYCLONE_B_BR_69_U_7420;"Guetteur de Léviathans";Unique;1
ALT_CYCLONE_B_BR_69_U_7512;"Guetteur de Léviathans";Unique;1
ALT_CYCLONE_B_BR_69_U_7651;"Guetteur de Léviathans";Unique;1
ALT_CYCLONE_B_BR_70_C;Tengu;Commun;6
ALT_CYCLONE_B_BR_70_R1;Tengu;Rare;3
ALT_CYCLONE_B_BR_70_R2;Tengu;Rare;7
ALT_CYCLONE_B_BR_70_U_7123;Tengu;Unique;1
ALT_CYCLONE_B_BR_70_U_7290;Tengu;Unique;1
ALT_CYCLONE_B_BR_70_U_7539;Tengu;Unique;1
ALT_CYCLONE_B_BR_70_U_7663;Tengu;Unique;1
ALT_CYCLONE_B_BR_71_C;"Phileas Fogg";Commun;8
ALT_CYCLONE_B_BR_71_R1;"Phileas Fogg";Rare;5
ALT_CYCLONE_B_BR_71_R2;"Phileas Fogg";Rare;3
ALT_CYCLONE_B_BR_71_U_8702;"Phileas Fogg";Unique;1
ALT_CYCLONE_B_BR_71_U_8901;"Phileas Fogg";Unique;1
ALT_CYCLONE_B_BR_72_C;"Parachutiste en Wingsuit";Commun;8
ALT_CYCLONE_B_BR_72_R1;"Parachutiste en Wingsuit";Rare;3
ALT_CYCLONE_B_BR_72_R2;"Parachutiste en Wingsuit";Rare;5
ALT_CYCLONE_B_BR_72_U_7643;"Parachutiste en Wingsuit";Unique;1
ALT_CYCLONE_B_BR_72_U_7665;"Parachutiste en Wingsuit";Unique;1
ALT_CYCLONE_B_BR_72_U_7767;"Parachutiste en Wingsuit";Unique;1
ALT_CYCLONE_B_BR_73_C;"Harponneuse Bravos";Commun;7
ALT_CYCLONE_B_BR_73_R1;"Harponneuse Bravos";Rare;3
ALT_CYCLONE_B_BR_73_R2;"Harponneuse Bravos";Rare;4
ALT_CYCLONE_B_BR_73_U_7311;"Harponneuse Bravos";Unique;1
ALT_CYCLONE_B_BR_73_U_7324;"Harponneuse Bravos";Unique;1
ALT_CYCLONE_B_BR_74_C;"Priya, Signaleuse Bravos";Commun;8
ALT_CYCLONE_B_BR_74_R1;"Priya, Signaleuse Bravos";Rare;3
ALT_CYCLONE_B_BR_74_R2;"Priya, Signaleuse Bravos";Rare;3
ALT_CYCLONE_B_BR_74_U_8824;"Priya, Signaleuse Bravos";Unique;1
ALT_CYCLONE_B_BR_74_U_8827;"Priya, Signaleuse Bravos";Unique;1
ALT_CYCLONE_B_BR_74_U_9147;"Priya, Signaleuse Bravos";Unique;1
ALT_CYCLONE_B_BR_74_U_9213;"Priya, Signaleuse Bravos";Unique;1
ALT_CYCLONE_B_BR_75_C;"Le Lièvre";Commun;8
ALT_CYCLONE_B_BR_75_R1;"Le Lièvre";Rare;3
ALT_CYCLONE_B_BR_75_R2;"Le Lièvre";Rare;3
ALT_CYCLONE_B_BR_75_U_3926;"Le Lièvre";Unique;1
ALT_CYCLONE_B_BR_75_U_7252;"Le Lièvre";Unique;1
ALT_CYCLONE_B_BR_76_C;Beowulf;Commun;7
ALT_CYCLONE_B_BR_76_R1;Beowulf;Rare;7
ALT_CYCLONE_B_BR_76_R2;Beowulf;Rare;4
ALT_CYCLONE_B_BR_76_U_8399;Beowulf;Unique;1
ALT_CYCLONE_B_BR_76_U_8684;Beowulf;Unique;1
ALT_CYCLONE_B_BR_76_U_8686;Beowulf;Unique;1
ALT_CYCLONE_B_BR_76_U_8861;Beowulf;Unique;1
ALT_CYCLONE_B_BR_76_U_9118;Beowulf;Unique;1
ALT_CYCLONE_B_BR_76_U_9135;Beowulf;Unique;1
ALT_CYCLONE_B_BR_76_U_9214;Beowulf;Unique;1
ALT_CYCLONE_B_BR_76_U_9229;Beowulf;Unique;1
ALT_CYCLONE_B_BR_77_C;"Halua, Léviathan Déchaîné";Commun;8
ALT_CYCLONE_B_BR_77_R1;"Halua, Léviathan Déchaîné";Rare;4
ALT_CYCLONE_B_BR_77_R2;"Halua, Léviathan Déchaîné";Rare;5
ALT_CYCLONE_B_BR_77_U_2273;"Halua, Léviathan Déchaîné";Unique;1
ALT_CYCLONE_B_BR_77_U_4256;"Halua, Léviathan Déchaîné";Unique;1
ALT_CYCLONE_B_BR_77_U_5326;"Halua, Léviathan Déchaîné";Unique;1
ALT_CYCLONE_B_BR_77_U_8720;"Halua, Raging Leviathan";Unique;1
ALT_CYCLONE_B_BR_78_C;"La Chasse de Sol";Commun;6
ALT_CYCLONE_B_BR_78_R1;"La Chasse de Sol";Rare;4
ALT_CYCLONE_B_BR_78_R2;"La Chasse de Sol";Rare;3
ALT_CYCLONE_B_BR_79_C;"Sceau Bravos";Commun;8
ALT_CYCLONE_B_BR_79_R1;"Sceau Bravos";Rare;4
ALT_CYCLONE_B_BR_79_R2;"Sceau Bravos";Rare;3
ALT_CYCLONE_B_BR_80_C;Rage;Commun;7
ALT_CYCLONE_B_BR_80_R1;Rage;Rare;4
ALT_CYCLONE_B_BR_80_R2;Rage;Rare;3
ALT_CYCLONE_B_BR_81_C;"Parlement des Cendres";Commun;7
ALT_CYCLONE_B_BR_81_R1;"Parlement des Cendres";Rare;3
ALT_CYCLONE_B_BR_81_R2;"Parlement des Cendres";Rare;3
ALT_CYCLONE_B_BR_82_C;"Chantier Naval Volant";Commun;6
ALT_CYCLONE_B_BR_82_R1;"Chantier Naval Volant";Rare;3
ALT_CYCLONE_B_BR_82_R2;"Chantier Naval Volant";Rare;5
ALT_CYCLONE_B_BR_83_C;Halua;Commun;3
ALT_CYCLONE_B_LY_65_C;"Nadir & Bubbles";Commun;10
ALT_CYCLONE_B_LY_66_C;"Guide de Montagne";Commun;8
ALT_CYCLONE_B_LY_66_R1;"Guide de Montagne";Rare;3
ALT_CYCLONE_B_LY_66_R2;"Guide de Montagne";Rare;3
ALT_CYCLONE_B_LY_66_U_8575;"Guide de Montagne";Unique;1
ALT_CYCLONE_B_LY_66_U_8616;"Guide de Montagne";Unique;1
ALT_CYCLONE_B_LY_66_U_9648;"Mountain Guide";Unique;1
ALT_CYCLONE_B_LY_67_C;"Champignon Collant";Commun;7
ALT_CYCLONE_B_LY_67_R1;"Champignon Collant";Rare;4
ALT_CYCLONE_B_LY_67_R2;"Champignon Collant";Rare;3
ALT_CYCLONE_B_LY_67_U_5200;"Champignon Collant";Unique;1
ALT_CYCLONE_B_LY_67_U_8284;"Sticky Shroom";Unique;1
ALT_CYCLONE_B_LY_68_C;"Nymphe des Mers";Commun;7
ALT_CYCLONE_B_LY_68_R1;"Nymphe des Mers";Rare;3
ALT_CYCLONE_B_LY_68_R2;"Nymphe des Mers";Rare;5
ALT_CYCLONE_B_LY_68_U_7728;"Nymphe des Mers";Unique;1
ALT_CYCLONE_B_LY_68_U_9131;"Nymphe des Mers";Unique;1
ALT_CYCLONE_B_LY_69_C;"Cartographe Lyra";Commun;7
ALT_CYCLONE_B_LY_69_R1;"Cartographe Lyra";Rare;3
ALT_CYCLONE_B_LY_69_R2;"Cartographe Lyra";Rare;5
ALT_CYCLONE_B_LY_70_C;"Nymphe des Montagnes";Commun;6
ALT_CYCLONE_B_LY_70_R1;"Nymphe des Montagnes";Rare;3
ALT_CYCLONE_B_LY_70_R2;"Nymphe des Montagnes";Rare;6
ALT_CYCLONE_B_LY_70_U_7347;"Nymphe des Montagnes";Unique;1
ALT_CYCLONE_B_LY_71_C;"Nymphe des Forêts";Commun;7
ALT_CYCLONE_B_LY_71_R1;"Nymphe des Forêts";Rare;3
ALT_CYCLONE_B_LY_71_R2;"Nymphe des Forêts";Rare;3
ALT_CYCLONE_B_LY_71_U_4288;"Nymphe des Forêts";Unique;1
ALT_CYCLONE_B_LY_71_U_7124;"Nymphe des Forêts";Unique;1
ALT_CYCLONE_B_LY_72_C;"Acrobate Aérienne Lyra";Commun;7
ALT_CYCLONE_B_LY_72_R1;"Acrobate Aérienne Lyra";Rare;3
ALT_CYCLONE_B_LY_72_R2;"Acrobate Aérienne Lyra";Rare;3
ALT_CYCLONE_B_LY_73_C;Nout;Commun;8
ALT_CYCLONE_B_LY_73_R1;Nout;Rare;4
ALT_CYCLONE_B_LY_73_R2;Nout;Rare;3
ALT_CYCLONE_B_LY_74_C;"Koï, Léviathan Espiègle";Commun;7
ALT_CYCLONE_B_LY_74_R1;"Koï, Léviathan Espiègle";Rare;7
ALT_CYCLONE_B_LY_74_R2;"Koï, Léviathan Espiègle";Rare;4
ALT_CYCLONE_B_LY_74_U_8283;"Koï, Léviathan Espiègle";Unique;1
ALT_CYCLONE_B_LY_74_U_8774;"Koï, Léviathan Espiègle";Unique;1
ALT_CYCLONE_B_LY_75_C;Éris;Commun;8
ALT_CYCLONE_B_LY_75_R1;Éris;Rare;3
ALT_CYCLONE_B_LY_75_R2;Éris;Rare;3
ALT_CYCLONE_B_LY_75_U_4968;Éris;Unique;1
ALT_CYCLONE_B_LY_75_U_7696;Éris;Unique;1
ALT_CYCLONE_B_LY_76_C;Daikokuten;Commun;8
ALT_CYCLONE_B_LY_76_R1;Daikokuten;Rare;4
ALT_CYCLONE_B_LY_76_R2;Daikokuten;Rare;4
ALT_CYCLONE_B_LY_76_U_7256;Daikokuten;Unique;1
ALT_CYCLONE_B_LY_76_U_7387;Daikokuten;Unique;1
ALT_CYCLONE_B_LY_76_U_7631;Daikokuten;Unique;1
ALT_CYCLONE_B_LY_77_C;"Perdu dans le Courant";Commun;7
ALT_CYCLONE_B_LY_77_R1;"Perdu dans le Courant";Rare;6
ALT_CYCLONE_B_LY_77_R2;"Perdu dans le Courant";Rare;5
ALT_CYCLONE_B_LY_78_C;"Sceau Lyra";Commun;6
ALT_CYCLONE_B_LY_78_R1;"Sceau Lyra";Rare;3
ALT_CYCLONE_B_LY_78_R2;"Sceau Lyra";Rare;4
ALT_CYCLONE_B_LY_79_C;"Vent d'Ouest";Commun;8
ALT_CYCLONE_B_LY_79_R1;"Vent d'Ouest";Rare;5
ALT_CYCLONE_B_LY_79_R2;"Vent d'Ouest";Rare;3
ALT_CYCLONE_B_LY_80_C;"Bénédiction de la Cartographe";Commun;5
ALT_CYCLONE_B_LY_80_R1;"Bénédiction de la Cartographe";Rare;3
ALT_CYCLONE_B_LY_80_R2;"Bénédiction de la Cartographe";Rare;6
ALT_CYCLONE_B_LY_81_C;"L'Atelier de Peinture";Commun;7
ALT_CYCLONE_B_LY_81_R1;"L'Atelier de Peinture";Rare;5
ALT_CYCLONE_B_LY_81_R2;"L'Atelier de Peinture";Rare;5
ALT_CYCLONE_B_LY_82_C;L'Opéra;Commun;8
ALT_CYCLONE_B_LY_82_R1;L'Opéra;Rare;3
ALT_CYCLONE_B_LY_82_R2;L'Opéra;Rare;3
ALT_CYCLONE_B_MU_65_C;"Kauri & Puff";Commun;12
ALT_CYCLONE_B_MU_66_C;"Rouge-gorge Rancunier";Commun;8
ALT_CYCLONE_B_MU_66_R1;"Rouge-gorge Rancunier";Rare;6
ALT_CYCLONE_B_MU_66_R2;"Rouge-gorge Rancunier";Rare;3
ALT_CYCLONE_B_MU_67_C;"Pélican Serviable";Commun;6
ALT_CYCLONE_B_MU_67_R1;"Pélican Serviable";Rare;5
ALT_CYCLONE_B_MU_67_R2;"Pélican Serviable";Rare;3
ALT_CYCLONE_B_MU_67_U_5440;"Pélican Serviable";Unique;1
ALT_CYCLONE_B_MU_67_U_7391;"Pélican Serviable";Unique;1
ALT_CYCLONE_B_MU_68_C;"Eru, Émissaire de la Nature";Commun;7
ALT_CYCLONE_B_MU_68_R1;"Eru, Émissaire de la Nature";Rare;5
ALT_CYCLONE_B_MU_68_R2;"Eru, Émissaire de la Nature";Rare;5
ALT_CYCLONE_B_MU_68_U_849;"Eru, Émissaire de la Nature";Unique;1
ALT_CYCLONE_B_MU_69_C;"Oiseau Cuirassé";Commun;7
ALT_CYCLONE_B_MU_69_R1;"Oiseau Cuirassé";Rare;4
ALT_CYCLONE_B_MU_69_R2;"Oiseau Cuirassé";Rare;4
ALT_CYCLONE_B_MU_70_C;"Coucou Chamarré";Commun;8
ALT_CYCLONE_B_MU_70_R1;"Coucou Chamarré";Rare;3
ALT_CYCLONE_B_MU_70_R2;"Coucou Chamarré";Rare;3
ALT_CYCLONE_B_MU_71_C;"Grue Migratrice";Commun;6
ALT_CYCLONE_B_MU_71_R1;"Grue Migratrice";Rare;3
ALT_CYCLONE_B_MU_71_R2;"Grue Migratrice";Rare;6
ALT_CYCLONE_B_MU_71_U_7439;"Grue Migratrice";Unique;1
ALT_CYCLONE_B_MU_72_C;"Dodo Dormeur";Commun;7
ALT_CYCLONE_B_MU_72_R1;"Dodo Dormeur";Rare;3
ALT_CYCLONE_B_MU_72_R2;"Dodo Dormeur";Rare;6
ALT_CYCLONE_B_MU_73_C;Vouivre;Commun;7
ALT_CYCLONE_B_MU_73_R1;Vouivre;Rare;5
ALT_CYCLONE_B_MU_73_R2;Vouivre;Rare;4
ALT_CYCLONE_B_MU_74_C;"Zaratan, Léviathan Sociable";Commun;6
ALT_CYCLONE_B_MU_74_R1;"Zaratan, Léviathan Sociable";Rare;4
ALT_CYCLONE_B_MU_74_R2;"Zaratan, Léviathan Sociable";Rare;6
ALT_CYCLONE_B_MU_75_C;"L'Intervention de Kauri";Commun;8
ALT_CYCLONE_B_MU_75_R1;"L'Intervention de Kauri";Rare;3
ALT_CYCLONE_B_MU_75_R2;"L'Intervention de Kauri";Rare;3
ALT_CYCLONE_B_MU_76_C;Pan;Commun;6
ALT_CYCLONE_B_MU_76_R1;Pan;Rare;4
ALT_CYCLONE_B_MU_76_R2;Pan;Rare;4
ALT_CYCLONE_B_MU_77_C;Tāne;Commun;8
ALT_CYCLONE_B_MU_77_R1;Tāne;Rare;6
ALT_CYCLONE_B_MU_77_R2;Tāne;Rare;3
ALT_CYCLONE_B_MU_77_U_3680;Tāne;Unique;1
ALT_CYCLONE_B_MU_78_C;"Le Défi de Puff";Commun;5
ALT_CYCLONE_B_MU_78_R1;"Le Défi de Puff";Rare;3
ALT_CYCLONE_B_MU_78_R2;"Le Défi de Puff";Rare;4
ALT_CYCLONE_B_MU_79_C;"Sceau Muna";Commun;6
ALT_CYCLONE_B_MU_79_R1;"Sceau Muna";Rare;3
ALT_CYCLONE_B_MU_79_R2;"Sceau Muna";Rare;4
ALT_CYCLONE_B_MU_80_C;"Compter les Moutons";Commun;8
ALT_CYCLONE_B_MU_80_R1;"Compter les Moutons";Rare;5
ALT_CYCLONE_B_MU_80_R2;"Compter les Moutons";Rare;3
ALT_CYCLONE_B_MU_81_C;"Destins Liés";Commun;9
ALT_CYCLONE_B_MU_81_R1;"Destins Liés";Rare;6
ALT_CYCLONE_B_MU_81_R2;"Destins Liés";Rare;3
ALT_CYCLONE_B_MU_82_C;"Champ de Laine";Commun;9
ALT_CYCLONE_B_MU_82_R1;"Champ de Laine";Rare;3
ALT_CYCLONE_B_MU_82_R2;"Champ de Laine";Rare;5
ALT_CYCLONE_B_NE_03_C;Aérolithe;Commun;3
ALT_CYCLONE_B_NE_FOILER_C;Foiler;Commun;40
ALT_CYCLONE_B_NE_FOILER_R;Foiler;Rare;19
ALT_CYCLONE_B_NE_FOILER_U;Foiler;Unique;2
ALT_CYCLONE_B_OR_65_C;"Zhen & Zéphyr";Commun;11
ALT_CYCLONE_B_OR_66_C;"Le Vilain Petit Canard";Commun;5
ALT_CYCLONE_B_OR_66_R1;"Le Vilain Petit Canard";Rare;3
ALT_CYCLONE_B_OR_66_R2;"Le Vilain Petit Canard";Rare;3
ALT_CYCLONE_B_OR_67_C;"Troupière Élevée";Commun;9
ALT_CYCLONE_B_OR_67_R1;"Troupière Élevée";Rare;3
ALT_CYCLONE_B_OR_67_R2;"Troupière Élevée";Rare;3
ALT_CYCLONE_B_OR_68_C;"Vigile Ordis";Commun;6
ALT_CYCLONE_B_OR_68_R1;"Vigile Ordis";Rare;5
ALT_CYCLONE_B_OR_68_R2;"Vigile Ordis";Rare;3
ALT_CYCLONE_B_OR_69_C;Bonnet-Bleu;Commun;8
ALT_CYCLONE_B_OR_69_R1;Bonnet-Bleu;Rare;6
ALT_CYCLONE_B_OR_69_R2;Bonnet-Bleu;Rare;3
ALT_CYCLONE_B_OR_70_C;Mélusine;Commun;8
ALT_CYCLONE_B_OR_70_R1;Mélusine;Rare;6
ALT_CYCLONE_B_OR_70_R2;Mélusine;Rare;4
ALT_CYCLONE_B_OR_70_U_4239;Mélusine;Unique;1
ALT_CYCLONE_B_OR_71_C;Gargouille;Commun;8
ALT_CYCLONE_B_OR_71_R1;Gargouille;Rare;5
ALT_CYCLONE_B_OR_71_R2;Gargouille;Rare;3
ALT_CYCLONE_B_OR_72_C;"Émissaire Ordis";Commun;6
ALT_CYCLONE_B_OR_72_R1;"Émissaire Ordis";Rare;3
ALT_CYCLONE_B_OR_72_R2;"Émissaire Ordis";Rare;4
ALT_CYCLONE_B_OR_72_U_7933;"Émissaire Ordis";Unique;1
ALT_CYCLONE_B_OR_73_C;Doppelgänger;Commun;8
ALT_CYCLONE_B_OR_73_R1;Doppelgänger;Rare;6
ALT_CYCLONE_B_OR_73_R2;Doppelgänger;Rare;3
ALT_CYCLONE_B_OR_74_C;"Sagitta, Léviathan Céleste";Commun;8
ALT_CYCLONE_B_OR_74_R1;"Sagitta, Léviathan Céleste";Rare;7
ALT_CYCLONE_B_OR_74_R2;"Sagitta, Léviathan Céleste";Rare;5
ALT_CYCLONE_B_OR_74_U_4968;"Sagitta, Léviathan Céleste";Unique;1
ALT_CYCLONE_B_OR_74_U_7139;"Sagitta, Léviathan Céleste";Unique;1
ALT_CYCLONE_B_OR_75_C;"Yanna, Agent du Qorgan";Commun;7
ALT_CYCLONE_B_OR_75_R1;"Yanna, Agent du Qorgan";Rare;5
ALT_CYCLONE_B_OR_75_R2;"Yanna, Agent du Qorgan";Rare;5
ALT_CYCLONE_B_OR_76_C;Nikè;Commun;8
ALT_CYCLONE_B_OR_76_R1;Nikè;Rare;4
ALT_CYCLONE_B_OR_76_R2;Nikè;Rare;4
ALT_CYCLONE_B_OR_77_C;"Juste Ciel !";Commun;8
ALT_CYCLONE_B_OR_77_R1;"Juste Ciel !";Rare;5
ALT_CYCLONE_B_OR_77_R2;"Juste Ciel !";Rare;7
ALT_CYCLONE_B_OR_78_C;"Sceau Ordis";Commun;7
ALT_CYCLONE_B_OR_78_R1;"Sceau Ordis";Rare;4
ALT_CYCLONE_B_OR_78_R2;"Sceau Ordis";Rare;6
ALT_CYCLONE_B_OR_79_C;Envol;Commun;6
ALT_CYCLONE_B_OR_79_R1;Envol;Rare;3
ALT_CYCLONE_B_OR_79_R2;Envol;Rare;3
ALT_CYCLONE_B_OR_80_C;"Odyssée des Cieux";Commun;6
ALT_CYCLONE_B_OR_80_R1;"Odyssée des Cieux";Rare;5
ALT_CYCLONE_B_OR_80_R2;"Odyssée des Cieux";Rare;3
ALT_CYCLONE_B_OR_81_C;Mandjet;Commun;8
ALT_CYCLONE_B_OR_81_R1;Mandjet;Rare;3
ALT_CYCLONE_B_OR_81_R2;Mandjet;Rare;4
ALT_CYCLONE_B_OR_82_C;L'Origamium;Commun;7
ALT_CYCLONE_B_OR_82_R1;L'Origamium;Rare;4
ALT_CYCLONE_B_OR_82_R2;L'Origamium;Rare;5
ALT_CYCLONE_B_YZ_47_C;"Phalène de Mana";Commun;3
ALT_CYCLONE_B_YZ_65_C;"Moyo & Silk";Commun;11
ALT_CYCLONE_B_YZ_66_C;Ondine;Commun;7
ALT_CYCLONE_B_YZ_66_R1;Ondine;Rare;6
ALT_CYCLONE_B_YZ_66_R2;Ondine;Rare;4
ALT_CYCLONE_B_YZ_67_C;"Singe Ailé";Commun;7
ALT_CYCLONE_B_YZ_67_R1;"Singe Ailé";Rare;6
ALT_CYCLONE_B_YZ_67_R2;"Singe Ailé";Rare;4
ALT_CYCLONE_B_YZ_68_C;"Acolyte Studieux";Commun;8
ALT_CYCLONE_B_YZ_68_R1;"Acolyte Studieux";Rare;3
ALT_CYCLONE_B_YZ_68_R2;"Acolyte Studieux";Rare;4
ALT_CYCLONE_B_YZ_68_U_4269;"Acolyte Studieux";Unique;1
ALT_CYCLONE_B_YZ_69_C;"La Tortue";Commun;7
ALT_CYCLONE_B_YZ_69_R1;"La Tortue";Rare;3
ALT_CYCLONE_B_YZ_69_R2;"La Tortue";Rare;6
ALT_CYCLONE_B_YZ_70_C;"Suha, Opératrice du Qorgan";Commun;7
ALT_CYCLONE_B_YZ_70_R1;"Suha, Opératrice du Qorgan";Rare;3
ALT_CYCLONE_B_YZ_70_R2;"Suha, Opératrice du Qorgan";Rare;3
ALT_CYCLONE_B_YZ_71_C;Kali;Commun;7
ALT_CYCLONE_B_YZ_71_R1;Kali;Rare;4
ALT_CYCLONE_B_YZ_71_R2;Kali;Rare;3
ALT_CYCLONE_B_YZ_71_U_122;Kali;Unique;1
ALT_CYCLONE_B_YZ_71_U_8384;Kali;Unique;1
ALT_CYCLONE_B_YZ_72_C;Caladrius;Commun;8
ALT_CYCLONE_B_YZ_72_R1;Caladrius;Rare;5
ALT_CYCLONE_B_YZ_72_R2;Caladrius;Rare;3
ALT_CYCLONE_B_YZ_73_C;"Alelo, Léviathan Énigmatique";Commun;5
ALT_CYCLONE_B_YZ_73_R1;"Alelo, Léviathan Énigmatique";Rare;5
ALT_CYCLONE_B_YZ_73_R2;"Alelo, Léviathan Énigmatique";Rare;3
ALT_CYCLONE_B_YZ_73_U_4026;"Alelo, Léviathan Énigmatique";Unique;1
ALT_CYCLONE_B_YZ_74_C;Shiva;Commun;7
ALT_CYCLONE_B_YZ_74_R1;Shiva;Rare;3
ALT_CYCLONE_B_YZ_74_R2;Shiva;Rare;4
ALT_CYCLONE_B_YZ_74_U_9214;Shiva;Unique;1
ALT_CYCLONE_B_YZ_75_C;"Collision de Phalènes";Commun;6
ALT_CYCLONE_B_YZ_75_R1;"Collision de Phalènes";Rare;4
ALT_CYCLONE_B_YZ_75_R2;"Collision de Phalènes";Rare;3
ALT_CYCLONE_B_YZ_76_C;"Sceau Yzmir";Commun;7
ALT_CYCLONE_B_YZ_76_R1;"Sceau Yzmir";Rare;3
ALT_CYCLONE_B_YZ_76_R2;"Sceau Yzmir";Rare;3
ALT_CYCLONE_B_YZ_77_C;Trahison;Commun;7
ALT_CYCLONE_B_YZ_77_R1;Trahison;Rare;6
ALT_CYCLONE_B_YZ_77_R2;Trahison;Rare;4
ALT_CYCLONE_B_YZ_78_C;"Apparition de Phalène";Commun;7
ALT_CYCLONE_B_YZ_78_R1;"Apparition de Phalène";Rare;3
ALT_CYCLONE_B_YZ_78_R2;"Apparition de Phalène";Rare;7
ALT_CYCLONE_B_YZ_79_C;"Lavage de Cerveau";Commun;8
ALT_CYCLONE_B_YZ_79_R1;"Lavage de Cerveau";Rare;3
ALT_CYCLONE_B_YZ_79_R2;"Lavage de Cerveau";Rare;5
ALT_CYCLONE_B_YZ_80_C;"Fureur de Sakarabru";Commun;7
ALT_CYCLONE_B_YZ_80_R1;"Fureur de Sakarabru";Rare;3
ALT_CYCLONE_B_YZ_80_R2;"Fureur de Sakarabru";Rare;6
ALT_CYCLONE_B_YZ_81_C;Appât;Commun;8
ALT_CYCLONE_B_YZ_81_R1;Appât;Rare;4
ALT_CYCLONE_B_YZ_81_R2;Appât;Rare;3
ALT_CYCLONE_B_YZ_82_C;"Le Puits des Larmes";Commun;8
ALT_CYCLONE_B_YZ_82_R1;"Le Puits des Larmes";Rare;5
ALT_CYCLONE_B_YZ_82_R2;"Le Puits des Larmes";Rare;5
ALT_DUSTER_A_OR_97_E;"Astrape, Hexarque Reka";Exalté;2
ALT_DUSTER_B_AX_100_C;"Foire scientifique";Commun;8
ALT_DUSTER_B_AX_100_R1;"Foire scientifique";Rare;2
ALT_DUSTER_B_AX_100_R2;"Foire scientifique";Rare;3
ALT_DUSTER_B_AX_101_C;"Exposition Axiom";Commun;7
ALT_DUSTER_B_AX_101_R1;"Exposition Axiom";Rare;2
ALT_DUSTER_B_AX_101_R2;"Exposition Axiom";Rare;2
ALT_DUSTER_B_AX_102_C;"Le Consortium";Commun;7
ALT_DUSTER_B_AX_102_R1;"Le Consortium";Rare;2
ALT_DUSTER_B_AX_102_R2;"Le Consortium";Rare;1
ALT_DUSTER_B_AX_85_C;"Della & Bolt";Commun;1
ALT_DUSTER_B_AX_86_C;Tik-Tok;Commun;11
ALT_DUSTER_B_AX_86_R1;Tik-Tok;Rare;2
ALT_DUSTER_B_AX_86_R2;Tik-Tok;Rare;6
ALT_DUSTER_B_AX_87_C;"Machiniste Axiom";Commun;10
ALT_DUSTER_B_AX_87_R1;"Machiniste Axiom";Rare;2
ALT_DUSTER_B_AX_87_R2;"Machiniste Axiom";Rare;1
ALT_DUSTER_B_AX_88_C;"Ira, Participant à la Foire";Commun;10
ALT_DUSTER_B_AX_88_R1;"Ira, Participant à la Foire";Rare;2
ALT_DUSTER_B_AX_88_R2;"Ira, Participant à la Foire";Rare;2
ALT_DUSTER_B_AX_88_U_33;"Ira, Participant à la Foire";Unique;1
ALT_DUSTER_B_AX_88_U_4327;"Ira, Participant à la Foire";Unique;1
ALT_DUSTER_B_AX_89_C;"Nikola Tesla";Commun;14
ALT_DUSTER_B_AX_89_R1;"Nikola Tesla";Rare;1
ALT_DUSTER_B_AX_89_U_358;"Nikola Tesla";Unique;1
ALT_DUSTER_B_AX_90_C;"Thomas Edison";Commun;10
ALT_DUSTER_B_AX_90_R1;"Thomas Edison";Rare;1
ALT_DUSTER_B_AX_90_R2;"Thomas Edison";Rare;3
ALT_DUSTER_B_AX_91_C;Distribubot;Commun;8
ALT_DUSTER_B_AX_91_R1;Distribubot;Rare;3
ALT_DUSTER_B_AX_91_R2;Distribubot;Rare;3
ALT_DUSTER_B_AX_91_U_2982;"Vending Bot";Unique;1
ALT_DUSTER_B_AX_91_U_4574;Distribubot;Unique;1
ALT_DUSTER_B_AX_92_C;"Bioingénieure Reka";Commun;6
ALT_DUSTER_B_AX_92_R1;"Bioingénieure Reka";Rare;2
ALT_DUSTER_B_AX_92_R2;"Bioingénieure Reka";Rare;3
ALT_DUSTER_B_AX_93_C;"Magnat Reka";Commun;6
ALT_DUSTER_B_AX_93_R1;"Magnat Reka";Rare;1
ALT_DUSTER_B_AX_93_R2;"Magnat Reka";Rare;2
ALT_DUSTER_B_AX_93_U_4087;"Magnat Reka";Unique;1
ALT_DUSTER_B_AX_94_C;"Léonard de Vinci";Commun;9
ALT_DUSTER_B_AX_94_R1;"Léonard de Vinci";Rare;2
ALT_DUSTER_B_AX_94_R2;"Léonard de Vinci";Rare;3
ALT_DUSTER_B_AX_95_E;"Sphura, Hexarque Reka";Exalté;2
ALT_DUSTER_B_AX_96_C;L'Hôte;Commun;6
ALT_DUSTER_B_AX_96_R1;L'Hôte;Rare;3
ALT_DUSTER_B_AX_96_R2;L'Hôte;Rare;3
ALT_DUSTER_B_AX_96_U_1892;"The Shell";Unique;1
ALT_DUSTER_B_AX_96_U_239;"The Shell";Unique;1
ALT_DUSTER_B_AX_96_U_2600;"The Shell";Unique;1
ALT_DUSTER_B_AX_97_C;"Démonstration Ratée";Commun;9
ALT_DUSTER_B_AX_97_R1;"Démonstration Ratée";Rare;1
ALT_DUSTER_B_AX_98_C;"Rencontre Technologique";Commun;6
ALT_DUSTER_B_AX_98_R1;"Rencontre Technologique";Rare;2
ALT_DUSTER_B_AX_98_R2;"Rencontre Technologique";Rare;3
ALT_DUSTER_B_AX_99_C;"Unité Fab Lab";Commun;9
ALT_DUSTER_B_AX_99_R1;"Unité Fab Lab";Rare;4
ALT_DUSTER_B_AX_99_R2;"Unité Fab Lab";Rare;3
ALT_DUSTER_B_BR_100_C;"Pêche du Jour";Commun;8
ALT_DUSTER_B_BR_100_R2;"Pêche du Jour";Rare;3
ALT_DUSTER_B_BR_101_C;"Frère Disparu";Commun;8
ALT_DUSTER_B_BR_101_R1;"Frère Disparu";Rare;2
ALT_DUSTER_B_BR_101_U_1631;"Departed Brother";Unique;1
ALT_DUSTER_B_BR_102_C;"Masque de Chevaucheur";Commun;6
ALT_DUSTER_B_BR_102_R2;"Masque de Chevaucheur";Rare;1
ALT_DUSTER_B_BR_65_C;"Sol & Halua";Commun;1
ALT_DUSTER_B_BR_86_C;"Écureuil Volant";Commun;8
ALT_DUSTER_B_BR_86_R2;"Écureuil Volant";Rare;3
ALT_DUSTER_B_BR_86_U_3674;"Écureuil Volant";Unique;1
ALT_DUSTER_B_BR_87_C;"Skipper Reka";Commun;10
ALT_DUSTER_B_BR_87_R1;"Skipper Reka";Rare;1
ALT_DUSTER_B_BR_87_R2;"Skipper Reka";Rare;1
ALT_DUSTER_B_BR_88_C;"Plongeuse Serviable";Commun;8
ALT_DUSTER_B_BR_88_R1;"Plongeuse Serviable";Rare;4
ALT_DUSTER_B_BR_88_R2;"Plongeuse Serviable";Rare;3
ALT_DUSTER_B_BR_88_U_3034;"Helpful Diver";Unique;1
ALT_DUSTER_B_BR_88_U_5189;"Plongeuse Serviable";Unique;1
ALT_DUSTER_B_BR_89_C;Kedarm;Commun;7
ALT_DUSTER_B_BR_89_R1;Kedarm;Rare;3
ALT_DUSTER_B_BR_89_R2;Kedarm;Rare;3
ALT_DUSTER_B_BR_89_U_2380;Kedarm;Unique;1
ALT_DUSTER_B_BR_89_U_4569;Kedarm;Unique;1
ALT_DUSTER_B_BR_90_C;"Isabel Letham";Commun;7
ALT_DUSTER_B_BR_90_R2;"Isabel Letham";Rare;2
ALT_DUSTER_B_BR_90_U_2482;"Isabel Letham";Unique;1
ALT_DUSTER_B_BR_91_C;"Aérosurfeur Bravos";Commun;6
ALT_DUSTER_B_BR_91_R1;"Aérosurfeur Bravos";Rare;1
ALT_DUSTER_B_BR_91_R2;"Aérosurfeur Bravos";Rare;1
ALT_DUSTER_B_BR_92_C;"Colporteur Reka";Commun;11
ALT_DUSTER_B_BR_92_R1;"Colporteur Reka";Rare;1
ALT_DUSTER_B_BR_92_R2;"Colporteur Reka";Rare;1
ALT_DUSTER_B_BR_93_C;"Vigie Bravos";Commun;6
ALT_DUSTER_B_BR_93_R1;"Vigie Bravos";Rare;1
ALT_DUSTER_B_BR_93_R2;"Vigie Bravos";Rare;1
ALT_DUSTER_B_BR_93_U_3713;"Vigie Bravos";Unique;1
ALT_DUSTER_B_BR_94_C;"Pêcheur Reka";Commun;9
ALT_DUSTER_B_BR_94_R1;"Pêcheur Reka";Rare;2
ALT_DUSTER_B_BR_94_R2;"Pêcheur Reka";Rare;2
ALT_DUSTER_B_BR_95_C;Nimbo-Instructeur;Commun;7
ALT_DUSTER_B_BR_95_R1;Nimbo-Instructeur;Rare;1
ALT_DUSTER_B_BR_95_R2;Nimbo-Instructeur;Rare;2
ALT_DUSTER_B_BR_95_U_2439;"Deep-Cloud Instructor";Unique;1
ALT_DUSTER_B_BR_95_U_3781;Nimbo-Instructeur;Unique;1
ALT_DUSTER_B_BR_96_C;Néphélé;Commun;6
ALT_DUSTER_B_BR_96_R1;Néphélé;Rare;3
ALT_DUSTER_B_BR_96_R2;Néphélé;Rare;1
ALT_DUSTER_B_BR_96_U_1550;Nephele;Unique;1
ALT_DUSTER_B_BR_97_C;"Entraîneur de Havre";Commun;9
ALT_DUSTER_B_BR_97_R1;"Entraîneur de Havre";Rare;3
ALT_DUSTER_B_BR_97_R2;"Entraîneur de Havre";Rare;3
ALT_DUSTER_B_BR_98_E;"Wanax, Hexarque Reka";Exalté;3
ALT_DUSTER_B_BR_99_C;"Rencontre au Marché";Commun;6
ALT_DUSTER_B_BR_99_R1;"Rencontre au Marché";Rare;3
ALT_DUSTER_B_BR_99_R2;"Rencontre au Marché";Rare;1
ALT_DUSTER_B_LY_100_C;"Rencontre Romantique";Commun;8
ALT_DUSTER_B_LY_100_R1;"Rencontre Romantique";Rare;1
ALT_DUSTER_B_LY_100_R2;"Rencontre Romantique";Rare;3
ALT_DUSTER_B_LY_101_C;"Casque Reka";Commun;6
ALT_DUSTER_B_LY_101_R1;"Casque Reka";Rare;1
ALT_DUSTER_B_LY_102_C;"Station de Téléphérique";Commun;6
ALT_DUSTER_B_LY_102_R1;"Station de Téléphérique";Rare;2
ALT_DUSTER_B_LY_102_R2;"Station de Téléphérique";Rare;2
ALT_DUSTER_B_LY_65_C;"Nadir & Bubbles";Commun;2
ALT_DUSTER_B_LY_86_C;Pinocchio;Commun;8
ALT_DUSTER_B_LY_86_R1;Pinocchio;Rare;2
ALT_DUSTER_B_LY_87_C;"Guide Reka";Commun;10
ALT_DUSTER_B_LY_87_R2;"Guide Reka";Rare;4
ALT_DUSTER_B_LY_87_U_3039;"Guide Reka";Unique;1
ALT_DUSTER_B_LY_87_U_4402;"Guide Reka";Unique;1
ALT_DUSTER_B_LY_88_C;"Glissecorde Reka";Commun;9
ALT_DUSTER_B_LY_88_R1;"Glissecorde Reka";Rare;3
ALT_DUSTER_B_LY_88_R2;"Glissecorde Reka";Rare;4
ALT_DUSTER_B_LY_89_C;"Barmaid Reka";Commun;6
ALT_DUSTER_B_LY_89_R1;"Barmaid Reka";Rare;3
ALT_DUSTER_B_LY_89_R2;"Barmaid Reka";Rare;1
ALT_DUSTER_B_LY_90_C;"Nyala, Fêtarde Nocturne";Commun;7
ALT_DUSTER_B_LY_90_R1;"Nyala, Fêtarde Nocturne";Rare;2
ALT_DUSTER_B_LY_90_R2;"Nyala, Fêtarde Nocturne";Rare;3
ALT_DUSTER_B_LY_90_U_2168;"Nyala, Night Reveler";Unique;1
ALT_DUSTER_B_LY_91_C;"Chat du Cheshire";Commun;6
ALT_DUSTER_B_LY_91_R1;"Chat du Cheshire";Rare;2
ALT_DUSTER_B_LY_91_R2;"Chat du Cheshire";Rare;2
ALT_DUSTER_B_LY_91_U_5444;"Chat du Cheshire";Unique;1
ALT_DUSTER_B_LY_92_C;"Spécialiste de l'Urbex";Commun;6
ALT_DUSTER_B_LY_92_R1;"Spécialiste de l'Urbex";Rare;2
ALT_DUSTER_B_LY_92_R2;"Spécialiste de l'Urbex";Rare;2
ALT_DUSTER_B_LY_92_U_1375;"Urbex Specialist";Unique;1
ALT_DUSTER_B_LY_92_U_9726;"Spécialiste de l'Urbex";Unique;1
ALT_DUSTER_B_LY_93_C;"Dioclès, Aurige";Commun;7
ALT_DUSTER_B_LY_93_R1;"Dioclès, Aurige";Rare;5
ALT_DUSTER_B_LY_94_C;"Videur de Boîte de Nuit";Commun;12
ALT_DUSTER_B_LY_94_R1;"Videur de Boîte de Nuit";Rare;2
ALT_DUSTER_B_LY_94_R2;"Videur de Boîte de Nuit";Rare;2
ALT_DUSTER_B_LY_95_C;"Gardien de Nuit de l'Auberge";Commun;8
ALT_DUSTER_B_LY_95_R1;"Gardien de Nuit de l'Auberge";Rare;1
ALT_DUSTER_B_LY_95_R2;"Gardien de Nuit de l'Auberge";Rare;3
ALT_DUSTER_B_LY_95_U_171;"Hostel Nightkeeper";Unique;1
ALT_DUSTER_B_LY_96_C;"Don Juan";Commun;13
ALT_DUSTER_B_LY_96_R1;"Don Juan";Rare;3
ALT_DUSTER_B_LY_96_U_3054;"Don Juan";Unique;1
ALT_DUSTER_B_LY_97_C;"DJ Lyra";Commun;8
ALT_DUSTER_B_LY_97_R1;"DJ Lyra";Rare;1
ALT_DUSTER_B_LY_97_R2;"DJ Lyra";Rare;2
ALT_DUSTER_B_LY_98_E;"Phoibos, Hexarque Reka";Exalté;2
ALT_DUSTER_B_LY_99_C;"Rose Bonbon";Commun;6
ALT_DUSTER_B_LY_99_R1;"Rose Bonbon";Rare;4
ALT_DUSTER_B_LY_99_R2;"Rose Bonbon";Rare;3
ALT_DUSTER_B_MU_100_C;"Aire de Pique-nique";Commun;12
ALT_DUSTER_B_MU_100_R1;"Aire de Pique-nique";Rare;4
ALT_DUSTER_B_MU_100_R2;"Aire de Pique-nique";Rare;4
ALT_DUSTER_B_MU_101_C;L'Ambassade;Commun;8
ALT_DUSTER_B_MU_101_R2;L'Ambassade;Rare;4
ALT_DUSTER_B_MU_102_C;"Le Naos";Commun;10
ALT_DUSTER_B_MU_102_R1;"Le Naos";Rare;3
ALT_DUSTER_B_MU_102_R2;"Le Naos";Rare;1
ALT_DUSTER_B_MU_85_C;"Turuun & Benih";Commun;2
ALT_DUSTER_B_MU_86_C;"Lapin Fermier";Commun;12
ALT_DUSTER_B_MU_86_R1;"Lapin Fermier";Rare;2
ALT_DUSTER_B_MU_86_R2;"Lapin Fermier";Rare;1
ALT_DUSTER_B_MU_86_U_2629;"Rabbit Farmer";Unique;1
ALT_DUSTER_B_MU_87_C;"Commerçant Reka";Commun;9
ALT_DUSTER_B_MU_87_R2;"Commerçant Reka";Rare;2
ALT_DUSTER_B_MU_87_U_2870;"Reka Tradesman";Unique;1
ALT_DUSTER_B_MU_87_U_5078;"Commerçant Reka";Unique;1
ALT_DUSTER_B_MU_88_C;"Botaniste Muna";Commun;7
ALT_DUSTER_B_MU_88_R1;"Botaniste Muna";Rare;3
ALT_DUSTER_B_MU_88_R2;"Botaniste Muna";Rare;2
ALT_DUSTER_B_MU_89_C;"Reka Charitable";Commun;6
ALT_DUSTER_B_MU_89_R1;"Reka Charitable";Rare;4
ALT_DUSTER_B_MU_89_R2;"Reka Charitable";Rare;1
ALT_DUSTER_B_MU_89_U_2385;"Charitable Reka";Unique;1
ALT_DUSTER_B_MU_90_C;"Flore, Maraîchère Furieuse";Commun;6
ALT_DUSTER_B_MU_90_R1;"Flore, Maraîchère Furieuse";Rare;3
ALT_DUSTER_B_MU_90_R2;"Flore, Maraîchère Furieuse";Rare;1
ALT_DUSTER_B_MU_91_C;"Agronome Reka";Commun;7
ALT_DUSTER_B_MU_91_R1;"Agronome Reka";Rare;3
ALT_DUSTER_B_MU_91_R2;"Agronome Reka";Rare;2
ALT_DUSTER_B_MU_92_C;"Fille du Naos";Commun;7
ALT_DUSTER_B_MU_92_R1;"Fille du Naos";Rare;3
ALT_DUSTER_B_MU_92_R2;"Fille du Naos";Rare;2
ALT_DUSTER_B_MU_93_C;Hespéride;Commun;7
ALT_DUSTER_B_MU_93_R1;Hespéride;Rare;3
ALT_DUSTER_B_MU_93_R2;Hespéride;Rare;3
ALT_DUSTER_B_MU_93_U_2818;Hesperide;Unique;1
ALT_DUSTER_B_MU_93_U_4687;Hespéride;Unique;1
ALT_DUSTER_B_MU_94_C;"Cueilleur Reka";Commun;12
ALT_DUSTER_B_MU_94_R1;"Cueilleur Reka";Rare;3
ALT_DUSTER_B_MU_94_R2;"Cueilleur Reka";Rare;2
ALT_DUSTER_B_MU_94_U_1796;"Reka Gatherer";Unique;1
ALT_DUSTER_B_MU_94_U_2494;"Reka Gatherer";Unique;1
ALT_DUSTER_B_MU_94_U_3035;"Reka Gatherer";Unique;1
ALT_DUSTER_B_MU_95_C;Dapeng;Commun;7
ALT_DUSTER_B_MU_95_R1;Dapeng;Rare;3
ALT_DUSTER_B_MU_95_R2;Dapeng;Rare;2
ALT_DUSTER_B_MU_95_U_1034;Dapeng;Unique;1
ALT_DUSTER_B_MU_95_U_1872;Dapeng;Unique;1
ALT_DUSTER_B_MU_95_U_2331;Dapeng;Unique;1
ALT_DUSTER_B_MU_95_U_3166;Dapeng;Unique;1
ALT_DUSTER_B_MU_95_U_387;Dapeng;Unique;1
ALT_DUSTER_B_MU_96_E;"Ploutos, Hexarque Reka";Exalté;2
ALT_DUSTER_B_MU_97_C;"Fils du Naos";Commun;6
ALT_DUSTER_B_MU_97_R1;"Fils du Naos";Rare;1
ALT_DUSTER_B_MU_97_U_20106;"Fils du Naos";Unique;1
ALT_DUSTER_B_MU_98_C;"Rencontre Spirituelle";Commun;6
ALT_DUSTER_B_MU_98_R1;"Rencontre Spirituelle";Rare;4
ALT_DUSTER_B_MU_98_R2;"Rencontre Spirituelle";Rare;1
ALT_DUSTER_B_MU_99_C;"Loi de Newton";Commun;5
ALT_DUSTER_B_MU_99_R1;"Loi de Newton";Rare;3
ALT_DUSTER_B_MU_99_R2;"Loi de Newton";Rare;1
ALT_DUSTER_B_OR_100_C;"Le Lutrin";Commun;6
ALT_DUSTER_B_OR_100_R1;"Le Lutrin";Rare;2
ALT_DUSTER_B_OR_100_R2;"Le Lutrin";Rare;1
ALT_DUSTER_B_OR_101_C;"Les Retrouvailles";Commun;6
ALT_DUSTER_B_OR_101_R1;"Les Retrouvailles";Rare;2
ALT_DUSTER_B_OR_101_R2;"Les Retrouvailles";Rare;3
ALT_DUSTER_B_OR_102_C;"Le Consulat";Commun;8
ALT_DUSTER_B_OR_102_R1;"Le Consulat";Rare;2
ALT_DUSTER_B_OR_102_R2;"Le Consulat";Rare;3
ALT_DUSTER_B_OR_85_C;"Matz & Hive";Commun;2
ALT_DUSTER_B_OR_86_C;"Louis Sullivan";Commun;12
ALT_DUSTER_B_OR_86_R1;"Louis Sullivan";Rare;2
ALT_DUSTER_B_OR_86_R2;"Louis Sullivan";Rare;3
ALT_DUSTER_B_OR_86_U_2686;"Louis Sullivan";Unique;1
ALT_DUSTER_B_OR_87_C;"Vendeur de souvenirs";Commun;6
ALT_DUSTER_B_OR_87_R1;"Vendeur de souvenirs";Rare;3
ALT_DUSTER_B_OR_87_R2;"Vendeur de souvenirs";Rare;3
ALT_DUSTER_B_OR_88_C;Galatée;Commun;7
ALT_DUSTER_B_OR_88_R2;Galatée;Rare;3
ALT_DUSTER_B_OR_89_C;"Mécène Reka";Commun;12
ALT_DUSTER_B_OR_89_R1;"Mécène Reka";Rare;2
ALT_DUSTER_B_OR_89_R2;"Mécène Reka";Rare;6
ALT_DUSTER_B_OR_89_U_3665;"Mécène Reka";Unique;1
ALT_DUSTER_B_OR_89_U_383;"Reka Patron";Unique;1
ALT_DUSTER_B_OR_90_C;"Touriste Ordis";Commun;6
ALT_DUSTER_B_OR_90_R1;"Touriste Ordis";Rare;1
ALT_DUSTER_B_OR_90_U_5515;"Touriste Ordis";Unique;1
ALT_DUSTER_B_OR_91_C;"Réceptionniste Inflexible";Commun;8
ALT_DUSTER_B_OR_91_R1;"Réceptionniste Inflexible";Rare;3
ALT_DUSTER_B_OR_91_R2;"Réceptionniste Inflexible";Rare;3
ALT_DUSTER_B_OR_92_C;"Investisseur Reka";Commun;8
ALT_DUSTER_B_OR_92_R1;"Investisseur Reka";Rare;2
ALT_DUSTER_B_OR_92_R2;"Investisseur Reka";Rare;2
ALT_DUSTER_B_OR_93_C;"Sunisa, Garde du Corps Ordis";Commun;10
ALT_DUSTER_B_OR_93_R1;"Sunisa, Garde du Corps Ordis";Rare;2
ALT_DUSTER_B_OR_93_R2;"Sunisa, Garde du Corps Ordis";Rare;4
ALT_DUSTER_B_OR_93_U_2864;"Sunisa, Ordis Bodyguard";Unique;1
ALT_DUSTER_B_OR_94_C;"Serveuse Reka";Commun;7
ALT_DUSTER_B_OR_94_R2;"Serveuse Reka";Rare;2
ALT_DUSTER_B_OR_95_C;Kikimora;Commun;10
ALT_DUSTER_B_OR_95_R1;Kikimora;Rare;1
ALT_DUSTER_B_OR_95_R2;Kikimora;Rare;2
ALT_DUSTER_B_OR_95_U_3231;Kikimora;Unique;1
ALT_DUSTER_B_OR_95_U_5102;Kikimora;Unique;1
ALT_DUSTER_B_OR_96_C;Talos;Commun;6
ALT_DUSTER_B_OR_96_R1;Talos;Rare;3
ALT_DUSTER_B_OR_96_R2;Talos;Rare;3
ALT_DUSTER_B_OR_96_U_189;Talos;Unique;1
ALT_DUSTER_B_OR_96_U_3049;Talos;Unique;1
ALT_DUSTER_B_OR_96_U_3580;Talos;Unique;1
ALT_DUSTER_B_OR_96_U_4048;Talos;Unique;1
ALT_DUSTER_B_OR_96_U_4569;Talos;Unique;1
ALT_DUSTER_B_OR_96_U_501;Talos;Unique;1
ALT_DUSTER_B_OR_97_E;"Astrape, Hexarque Reka";Exalté;2
ALT_DUSTER_B_OR_98_C;"Rencontre Injuste";Commun;9
ALT_DUSTER_B_OR_98_R1;"Rencontre Injuste";Rare;3
ALT_DUSTER_B_OR_98_R2;"Rencontre Injuste";Rare;3
ALT_DUSTER_B_OR_99_C;"Foule en Colère";Commun;6
ALT_DUSTER_B_OR_99_R1;"Foule en Colère";Rare;1
ALT_DUSTER_B_OR_99_R2;"Foule en Colère";Rare;3
ALT_DUSTER_B_YZ_100_C;"Phalène Illusoire";Commun;6
ALT_DUSTER_B_YZ_100_R1;"Phalène Illusoire";Rare;2
ALT_DUSTER_B_YZ_101_C;Attrape-Phalènes;Commun;14
ALT_DUSTER_B_YZ_101_R1;Attrape-Phalènes;Rare;1
ALT_DUSTER_B_YZ_101_R2;Attrape-Phalènes;Rare;3
ALT_DUSTER_B_YZ_102_C;L'Infirmerie;Commun;7
ALT_DUSTER_B_YZ_102_R1;L'Infirmerie;Rare;2
ALT_DUSTER_B_YZ_102_R2;L'Infirmerie;Rare;3
ALT_DUSTER_B_YZ_65_C;"Moyo & Silk";Commun;4
ALT_DUSTER_B_YZ_86_C;"Harry Houdini";Commun;7
ALT_DUSTER_B_YZ_86_R1;"Harry Houdini";Rare;1
ALT_DUSTER_B_YZ_86_R2;"Harry Houdini";Rare;2
ALT_DUSTER_B_YZ_87_C;"Chasseur de Hextag";Commun;7
ALT_DUSTER_B_YZ_87_R1;"Chasseur de Hextag";Rare;3
ALT_DUSTER_B_YZ_87_R2;"Chasseur de Hextag";Rare;3
ALT_DUSTER_B_YZ_88_C;"Novice Studieux";Commun;6
ALT_DUSTER_B_YZ_88_R1;"Novice Studieux";Rare;1
ALT_DUSTER_B_YZ_88_R2;"Novice Studieux";Rare;3
ALT_DUSTER_B_YZ_89_C;Simulateur;Commun;12
ALT_DUSTER_B_YZ_89_R1;Simulateur;Rare;2
ALT_DUSTER_B_YZ_89_R2;Simulateur;Rare;4
ALT_DUSTER_B_YZ_89_U_2455;"Foul Faker";Unique;1
ALT_DUSTER_B_YZ_89_U_2699;"Foul Faker";Unique;1
ALT_DUSTER_B_YZ_90_C;"Milady de Winter";Commun;6
ALT_DUSTER_B_YZ_90_R1;"Milady de Winter";Rare;3
ALT_DUSTER_B_YZ_90_R2;"Milady de Winter";Rare;1
ALT_DUSTER_B_YZ_90_U_11138;"Milady de Winter";Unique;1
ALT_DUSTER_B_YZ_91_C;"Supporter Reka";Commun;7
ALT_DUSTER_B_YZ_91_R1;"Supporter Reka";Rare;3
ALT_DUSTER_B_YZ_91_U_2516;"Reka Supporter";Unique;1
ALT_DUSTER_B_YZ_92_C;"Mochizuki Chiyome";Commun;9
ALT_DUSTER_B_YZ_92_R2;"Mochizuki Chiyome";Rare;3
ALT_DUSTER_B_YZ_92_U_1685;"Mochizuki Chiyome";Unique;1
ALT_DUSTER_B_YZ_92_U_921;"Mochizuki Chiyome";Unique;1
ALT_DUSTER_B_YZ_93_C;"Arbitre Partiale";Commun;9
ALT_DUSTER_B_YZ_93_R1;"Arbitre Partiale";Rare;1
ALT_DUSTER_B_YZ_93_R2;"Arbitre Partiale";Rare;3
ALT_DUSTER_B_YZ_93_U_3005;"Partial Referee";Unique;1
ALT_DUSTER_B_YZ_94_E;"Maleros, Hexarque Reka";Exalté;3
ALT_DUSTER_B_YZ_95_C;"Temps Mort !";Commun;6
ALT_DUSTER_B_YZ_95_R1;"Temps Mort !";Rare;3
ALT_DUSTER_B_YZ_95_R2;"Temps Mort !";Rare;3
ALT_DUSTER_B_YZ_96_C;"Mascotte d'Équipe";Commun;7
ALT_DUSTER_B_YZ_96_R1;"Mascotte d'Équipe";Rare;3
ALT_DUSTER_B_YZ_96_R2;"Mascotte d'Équipe";Rare;3
ALT_DUSTER_B_YZ_96_U_222;"Team Mascot";Unique;1
ALT_DUSTER_B_YZ_96_U_4661;"Mascotte d'Équipe";Unique;1
ALT_DUSTER_B_YZ_97_C;"Rencontre Sportive";Commun;8
ALT_DUSTER_B_YZ_97_R1;"Rencontre Sportive";Rare;3
ALT_DUSTER_B_YZ_97_R2;"Rencontre Sportive";Rare;2
ALT_DUSTER_B_YZ_98_C;"Coup de Grâce";Commun;6
ALT_DUSTER_B_YZ_98_R1;"Coup de Grâce";Rare;1
ALT_DUSTER_B_YZ_98_R2;"Coup de Grâce";Rare;3
ALT_DUSTER_B_YZ_99_C;Touché !;Commun;6
ALT_DUSTER_B_YZ_99_R1;Touché !;Rare;3
ALT_DUSTER_B_YZ_99_R2;Touché !;Rare;2
ALT_DUSTER_P_MU_85_C;"Turuun & Benih";Commun;1
ALT_DUSTERCB_P_AX_87_C;"Machiniste Axiom";Commun;1
ALT_DUSTERCB_P_LY_90_R1;"Nyala, Fêtarde Nocturne";Rare;2
ALT_DUSTERCB_P_LY_93_C;"Dioclès, Aurige";Commun;1
ALT_DUSTERCB_P_MU_85_C_028;"Turuun & Benih";Commun;1
ALT_DUSTERCB_P_MU_86_R1;"Lapin Fermier";Rare;2
ALT_DUSTERCB_P_MU_88_R1;"Botaniste Muna";Rare;1
ALT_DUSTERCB_P_MU_99_C;"Loi de Newton";Commun;1
ALT_DUSTERCB_P_OR_90_C;"Touriste Ordis";Commun;1
ALT_DUSTERCB_P_OR_92_C;"Investisseur Reka";Commun;2
ALT_DUSTERCB_P_OR_93_R1;"Sunisa, Garde du Corps Ordis";Rare;1
ALT_DUSTERCB_P_YZ_88_C;"Novice Studieux";Commun;2
ALT_DUSTERCB_P_YZ_96_R1;"Mascotte d'Équipe";Rare;1
ALT_DUSTERCB_P_YZ_98_R1;"Coup de Grâce";Rare;1
ALT_DUSTEROP_A_YZ_97_C;"Rencontre Sportive";Commun;1
ALT_DUSTEROP_P_AX_97_C;"Démonstration Ratée";Commun;1
ALT_DUSTEROP_P_BR_95_C;Nimbo-Instructeur;Commun;1
ALT_DUSTEROP_P_LY_87_C;"Guide Reka";Commun;1
ALT_DUSTERTOP_P_AX_04_C;"Élémentaire de Kélon";Commun;1
ALT_DUSTERTOP_P_LY_31_C;"Entasseur Magpeng";Commun;1
ALT_DUSTERTOP_P_YZ_06_C;"Fée des Dents";Commun;1
ALT_EOLE_B_AX_106_U_126;"Salamandre Furtive";Unique;1
ALT_EOLE_B_AX_109_U_3768;"Récupérateur Reka";Unique;1
ALT_EOLE_B_AX_113_U_4241;"Maître Lapidaire";Unique;1
ALT_EOLE_B_BR_111_U_4227;"Carmela, Frappeuse Véloce";Unique;1
ALT_EOLE_B_LY_108_U_4314;"Suricate Odorant";Unique;1
ALT_EOLE_B_LY_109_U_576;"Fifre Lyra";Unique;1
ALT_EOLE_B_MU_112_U_201;"Nikau, Père de Kauri";Unique;1
ALT_EOLE_B_OR_116_U_312;"Stigmate de la Banalité";Unique;1
ALT_EOLE_B_YZ_106_U_4341;"Occultiste du Qorgan";Unique;1
ALT_EOLE_B_YZ_108_U_4365;"Fée des Dents Corrompue";Unique;1
ALT_WCS25_P_AX_01_C;"Sierra & Oddball";Commun;1
ALT_WCS25_P_AX_03_C;"Subhash & Marmo";Commun;2
ALT_WCS25_P_BR_03_C;"Basira & Kaizaimon";Commun;1
ALT_WCS25_P_LY_03_C;"Fen & Crowbar";Commun;1
ALT_WCS25_P_YZ_01_C;"Akesha & Taru";Commun;1
